customer_id,first_name,last_name,email,phone,registration_date,city,state,country,age_group
CUST0001,Alicia,Morris,andersonheather@example.org,(486)532-1594x27007,2025-05-28,New Johnburgh,Texas,Togo,46-60
CUST0002,Jennifer,Allison,arthur46@example.net,(273)825-5117,2023-08-01,South Timothy,Ohio,San Marino,26-35
CUST0003,Kevin,Martinez,ericapatel@example.org,+1-200-513-6645x100,2023-11-05,Port Michaeltown,Iowa,Tunisia,26-35
CUST0004,Sara,Cook,kyle65@example.net,(235)601-5043x7331,2023-09-21,West Aaron,Pennsylvania,Mongolia,26-35
CUST0005,Tamara,Douglas,bryanboyd@example.com,368-226-8375,2024-02-04,East Devon,Delaware,Timor-Leste,26-35
CUST0006,Christina,Harrison,navarroangela@example.com,7992383706,2025-02-13,Port Melanie,Rhode Island,Vanuatu,60+
CUST0007,Angela,Smith,nicole07@example.org,001-284-889-4690x9484,2023-01-30,Walkershire,Florida,Mali,60+
CUST0008,Paul,Diaz,jim25@example.net,+1-436-799-4277x146,2023-02-20,Kaneshire,Kansas,Sri Lanka,36-45
CUST0009,Nicholas,Mora,cassandraaguilar@example.com,001-905-525-6375,2025-10-09,New Douglas,Indiana,Morocco,26-35
CUST0010,John,Mcfarland,nicholasmooney@example.net,600-457-0104,2024-07-12,South Michael,Massachusetts,Zambia,26-35
CUST0011,John,Jones,kimberlygrant@example.net,001-866-458-7131,2024-10-05,Port Davidside,New Hampshire,Marshall Islands,26-35
CUST0012,Michael,Saunders,mdrake@example.com,(608)923-0555x788,2025-10-09,South Robert,Virginia,Portugal,26-35
CUST0013,Christopher,Bolton,katherine68@example.org,729-224-8054x447,2025-05-16,Shaunstad,Pennsylvania,Iceland,60+
CUST0014,Jessica,Hudson,ocummings@example.net,559-509-8839,2025-10-28,East Karenport,Delaware,Australia,60+
CUST0015,Joseph,Shepherd,erinhorne@example.com,619.750.2820x9580,2025-08-23,Wilsonstad,New York,Sao Tome and Principe,46-60
CUST0016,Lori,Espinoza,denisehughes@example.org,001-360-786-0436x44113,2024-01-04,South Christinefurt,New York,Faroe Islands,36-45
CUST0017,Joshua,Sanders,paullawrence@example.com,823-935-8135x2495,2023-04-10,Josephview,Mississippi,Jersey,60+
CUST0018,Tammy,Avery,nmiller@example.net,+1-972-462-6676x951,2024-05-06,New Stephanie,Oregon,Rwanda,60+
CUST0019,Barbara,Wall,sanchezmarvin@example.com,(516)909-3091x75345,2025-10-07,Lake Michael,Texas,Burundi,60+
CUST0020,Robert,Cooper,awalker@example.com,768-591-6574x226,2025-09-18,Lake Andrewmouth,Nebraska,Brazil,18-25
CUST0021,Jessica,Wright,jacksonerica@example.net,863-547-7995x707,2023-01-06,Martinezmouth,South Carolina,Armenia,18-25
CUST0022,Brian,Taylor,qpetty@example.org,(846)721-7238,2023-11-06,Benjaminfort,Nebraska,Cayman Islands,36-45
CUST0023,Micheal,Castro,shepardsamuel@example.net,505-780-8425,2024-01-01,East Matthewchester,West Virginia,Finland,18-25
CUST0024,Katie,Hanson,rhodestyler@example.org,001-654-787-4845x4155,2024-10-16,Deborahbury,Idaho,Uzbekistan,26-35
CUST0025,George,Brooks,jowens@example.net,+1-803-754-8310x460,2024-07-14,Robinsonstad,Florida,Taiwan,26-35
CUST0026,Michael,Hill,rsmith@example.net,(959)396-8188,2025-12-14,West Marie,Rhode Island,Guyana,26-35
CUST0027,Stephanie,Graham,jasonvilla@example.net,(670)305-0538x793,2025-10-01,Phillipshaven,North Carolina,Sudan,18-25
CUST0028,Carol,Gordon,rachellewis@example.org,+1-873-711-1359,2023-11-19,Richardmouth,Iowa,Cocos (Keeling) Islands,26-35
CUST0029,Jennifer,Silva,jasonfisher@example.net,472.931.0806x961,2025-02-24,Reynoldsberg,Virginia,Estonia,46-60
CUST0030,Steven,Smith,krodriguez@example.com,+1-943-792-1953x1050,2023-07-13,Nataliefort,Wisconsin,Ghana,46-60
CUST0031,Diane,Martinez,jonesamanda@example.net,8632252648,2025-08-02,Perezstad,New Jersey,Cocos (Keeling) Islands,36-45
CUST0032,Tina,Jones,kylemurray@example.net,001-226-831-0781x812,2024-11-23,Mckayside,Pennsylvania,Spain,46-60
CUST0033,Crystal,Watson,kgreen@example.com,+1-632-337-0715x86770,2025-11-18,Port Jennifer,Arizona,Malawi,60+
CUST0034,Christopher,Jackson,kimberlymarshall@example.org,978.259.4377,2024-07-22,Ellisland,Arizona,Malaysia,26-35
CUST0035,Jennifer,Brown,tgarcia@example.com,(940)916-6721x1672,2023-04-12,Hortonstad,Washington,Saint Vincent and the Grenadines,36-45
CUST0036,Joanna,Adams,ryanbowers@example.org,412.811.8988x55448,2024-09-17,South Lindashire,Kentucky,Sri Lanka,26-35
CUST0037,Reginald,Green,bartonjennifer@example.org,683-875-2433,2024-11-16,Lake Larry,Massachusetts,Tanzania,26-35
CUST0038,Nathan,Miller,crystalwheeler@example.net,(372)247-9641,2025-06-29,Melissafurt,Illinois,Bolivia,18-25
CUST0039,Lydia,Mosley,jacob91@example.org,725.919.1964x989,2024-06-05,East Ashley,California,Pakistan,18-25
CUST0040,Andrew,Gonzalez,jramirez@example.net,001-771-782-5577,2023-02-17,Hallview,Oklahoma,Barbados,26-35
CUST0041,Amanda,Johnson,wesleywatkins@example.org,+1-914-847-2379x5305,2023-12-03,Kaylamouth,Missouri,Ukraine,26-35
CUST0042,Shelby,Salinas,briannaallen@example.net,(437)255-4234x5809,2025-03-04,Dustinfurt,Oregon,Saint Lucia,26-35
CUST0043,Larry,Olson,sherrywilson@example.com,(602)481-4615,2023-10-07,North Regina,Kansas,Estonia,18-25
CUST0044,Lynn,Thompson,williamgarner@example.org,001-603-593-9712,2024-10-13,Troymouth,Wyoming,Lesotho,36-45
CUST0045,Jason,Cruz,josephmoore@example.com,263-265-9089x88145,2025-11-06,Port Williamland,Utah,Marshall Islands,36-45
CUST0046,Daniel,Barrett,peggywest@example.net,+1-612-832-5494,2023-09-23,East Katherine,Connecticut,Sao Tome and Principe,46-60
CUST0047,Jonathan,Rose,mark70@example.com,(676)948-4150x2075,2023-04-23,New Lance,South Carolina,Samoa,36-45
CUST0048,Kimberly,Williams,kstokes@example.com,001-989-303-9749x115,2024-05-13,Smithland,Georgia,Montenegro,26-35
CUST0049,Courtney,Hill,martinaimee@example.org,+1-936-408-5580,2025-12-11,New Paige,Idaho,Cocos (Keeling) Islands,18-25
CUST0050,Kevin,Houston,monicajarvis@example.net,753-266-0784x634,2025-10-18,North Stevenborough,Delaware,Georgia,26-35
CUST0051,Kaitlyn,Benton,angela24@example.org,557.459.1295,2023-12-30,Travisfurt,Montana,United States Minor Outlying Islands,46-60
CUST0052,James,Garcia,nicholaspowell@example.com,431.321.4935x07481,2023-10-24,Port Jennifermouth,Iowa,Martinique,46-60
CUST0053,Nancy,Freeman,judymendez@example.org,439.455.4216,2025-02-21,Gutierreztown,New Hampshire,Malaysia,46-60
CUST0054,Kimberly,Coleman,brianlopez@example.net,677-687-1952x84308,2025-04-22,Hodgemouth,South Carolina,Afghanistan,18-25
CUST0055,Victoria,Leach,kylematthews@example.org,+1-545-839-2533x70517,2024-10-24,Mitchellton,Maine,Cambodia,60+
CUST0056,Jennifer,White,james74@example.com,4612781289,2025-02-19,North Andrewbury,Rhode Island,Aruba,36-45
CUST0057,Sarah,Carroll,armstrongmonica@example.com,899-398-4211,2024-03-01,North Rebeccamouth,Hawaii,Belize,36-45
CUST0058,Mark,Wallace,dwright@example.com,001-970-757-9690,2024-04-14,New Pennyburgh,New Mexico,Cuba,46-60
CUST0059,Tammy,Green,hmyers@example.org,4187706259,2025-07-24,Jaredberg,Michigan,Timor-Leste,46-60
CUST0060,Robert,Douglas,michael24@example.net,450.663.6953x5099,2023-03-12,New Jeremiahchester,Connecticut,Djibouti,60+
CUST0061,Katherine,Riley,williamjacobson@example.org,209.809.3790x51859,2025-12-27,West Sharon,Arizona,Jordan,60+
CUST0062,Rachel,Hill,joycecruz@example.net,001-256-288-1797x621,2025-12-14,East Cindyview,Idaho,Palau,60+
CUST0063,Paula,Willis,jeremiahwatkins@example.com,755-879-9970x4582,2023-04-20,Collinsmouth,Missouri,Norfolk Island,18-25
CUST0064,Johnny,Moss,hunterwade@example.net,422.332.0373x36114,2024-11-23,North Teresa,Pennsylvania,Guatemala,26-35
CUST0065,Kelly,Stephens,stevensherman@example.net,368-868-0704x924,2024-03-02,Clarkchester,Massachusetts,American Samoa,26-35
CUST0066,Christie,Church,mooreann@example.net,657-370-7668x2785,2024-09-22,West Davidfurt,Utah,Sierra Leone,26-35
CUST0067,James,Martinez,thompsondaniel@example.net,(632)423-6671,2023-07-04,South Latoya,Tennessee,Saint Barthelemy,26-35
CUST0068,Kathy,Hernandez,gregoryweber@example.net,570.522.7335,2025-04-03,Lake Seanbury,West Virginia,Cambodia,36-45
CUST0069,Robert,Anderson,gwilson@example.net,+1-787-618-1762x31390,2025-05-27,Reedburgh,Nebraska,French Polynesia,60+
CUST0070,Sean,Becker,whitesusan@example.net,267.462.9661,2024-01-04,Petersenmouth,California,Switzerland,60+
CUST0071,Melissa,Fuller,ljones@example.com,283-427-4026x3885,2024-03-02,Port Meganview,Mississippi,Hungary,36-45
CUST0072,Melanie,Hughes,mariamoran@example.org,626.212.9679x769,2025-08-14,Wheelertown,Oregon,Albania,26-35
CUST0073,Rodney,Mcmahon,peterrivera@example.org,(938)592-5156,2023-10-05,West Cynthiachester,Minnesota,Suriname,60+
CUST0074,Ryan,Bell,edward21@example.org,305-927-1604,2025-09-05,Carlosfurt,Arizona,Benin,36-45
CUST0075,Misty,Villa,frenchmichael@example.net,+1-334-975-6782x405,2024-12-22,South Juanburgh,Washington,Romania,18-25
CUST0076,Deborah,Rose,lee01@example.org,968-428-6244,2023-10-14,Kimbury,Tennessee,French Southern Territories,18-25
CUST0077,James,Evans,burtonrebecca@example.net,737.722.4989x8280,2025-03-22,Marshport,Kansas,Maldives,26-35
CUST0078,Christine,Montgomery,brian77@example.net,+1-865-665-8073x462,2023-06-17,Vincentfurt,Wisconsin,Gabon,60+
CUST0079,Michelle,Holmes,brianglass@example.com,932.796.8392,2023-08-08,North Michael,Illinois,Hungary,18-25
CUST0080,David,Wang,vincent46@example.com,001-669-249-6683x26699,2024-04-05,Darrylborough,Vermont,South Georgia and the South Sandwich Islands,26-35
CUST0081,Natalie,Alvarez,antonio15@example.org,001-814-848-8337x353,2024-08-07,Josephtown,Idaho,New Caledonia,26-35
CUST0082,Matthew,Guzman,sarahlopez@example.org,364-803-8896,2024-12-09,East Dakotaton,Louisiana,Switzerland,36-45
CUST0083,Thomas,Landry,jamesmathews@example.net,(705)960-3990x305,2023-11-26,Xavierbury,Tennessee,Qatar,36-45
CUST0084,Emily,Park,pmeza@example.org,243-887-9163,2025-06-06,West Jonathan,Iowa,Kuwait,46-60
CUST0085,Joann,Miller,martinezanthony@example.com,582.598.9136x4999,2024-09-29,Sharonstad,Mississippi,Ukraine,26-35
CUST0086,Devin,Taylor,junderwood@example.org,649-777-6849x871,2023-05-10,Lake Meganberg,Minnesota,Portugal,60+
CUST0087,Lisa,Mason,moodyjames@example.org,677-959-7951x55658,2025-07-02,Herringland,New York,Puerto Rico,26-35
CUST0088,Lauren,Richardson,kathleenreed@example.com,503-785-8145x8299,2025-06-03,Weavermouth,Georgia,Colombia,46-60
CUST0089,Susan,Gonzalez,janemacdonald@example.org,(557)943-5200x2644,2024-03-09,Riceport,Ohio,Paraguay,36-45
CUST0090,Elizabeth,Gonzalez,kristy15@example.com,720.786.4406,2024-02-22,Medinachester,Colorado,Cameroon,36-45
CUST0091,Mark,Noble,jennifer66@example.com,(785)555-5234x38962,2025-08-20,Bradfordmouth,Washington,Vietnam,36-45
CUST0092,Teresa,Johnson,hhuerta@example.org,915-657-4289x9656,2024-04-22,North Carrieborough,Rhode Island,Lesotho,36-45
CUST0093,Joshua,Kennedy,michaelruiz@example.net,957-216-2661x990,2023-02-15,North Rachel,Vermont,Kuwait,36-45
CUST0094,Wesley,Fields,lowejames@example.com,(726)503-8311x122,2024-11-21,Port Alexanderside,Massachusetts,Poland,26-35
CUST0095,Joshua,Baker,juan81@example.com,8557175456,2023-11-27,New Michelleport,Illinois,Cocos (Keeling) Islands,60+
CUST0096,Daniel,Moore,jonesjessica@example.org,+1-779-516-0860,2025-08-26,Port Jasonport,Missouri,Cambodia,18-25
CUST0097,Bruce,Miller,reneesmith@example.org,+1-799-327-8374x8934,2023-11-11,Jonchester,Mississippi,Guinea,26-35
CUST0098,Julie,Frye,michaelwhite@example.com,(906)956-2888x84164,2025-06-24,South Megan,California,Portugal,46-60
CUST0099,Nicholas,Anderson,christopherbrown@example.net,737.598.0166,2024-11-26,Tonyatown,Maine,Chile,46-60
CUST0100,Nichole,Davies,jasonhall@example.org,652-700-6914,2023-07-14,West Sarah,Nevada,Vietnam,18-25
CUST0101,Lee,Bradley,lowen@example.com,(998)834-5543x40253,2025-04-20,Cassandrabury,Connecticut,Saint Pierre and Miquelon,18-25
CUST0102,Darlene,Lopez,owenthomas@example.net,001-628-366-8252x915,2023-04-22,Lake Michelle,Montana,Lao People's Democratic Republic,18-25
CUST0103,Carly,Jones,bridgesjustin@example.org,001-622-619-1969x665,2023-04-27,Lake Anthony,Kansas,Kenya,26-35
CUST0104,John,Smith,taraadams@example.com,+1-913-419-6493,2023-03-04,Lake Veronica,Iowa,China,46-60
CUST0105,Sonya,Thomas,nicolegreen@example.org,304.889.0800x85844,2025-11-03,Hayesberg,Oklahoma,Trinidad and Tobago,60+
CUST0106,Kimberly,Beck,middletonjames@example.com,731.743.3403x215,2023-03-03,Peggyside,Michigan,Sweden,46-60
CUST0107,Robert,Ware,kathleenwilliams@example.org,6229908117,2023-06-20,Watsonport,New Hampshire,Antigua and Barbuda,46-60
CUST0108,Jeffrey,Moore,droberts@example.net,+1-619-483-9700x4284,2024-09-10,North Rhondamouth,Rhode Island,Saint Helena,26-35
CUST0109,Scott,Smith,kennethenglish@example.org,+1-900-341-4349x520,2025-12-24,East Thomasfort,Illinois,Martinique,46-60
CUST0110,Karen,Sanders,mary81@example.org,888.362.1001,2024-10-10,Woodsland,Idaho,Oman,60+
CUST0111,Jason,Steele,zcollins@example.com,+1-545-581-6344x6925,2023-07-10,New Jasontown,Rhode Island,Bulgaria,18-25
CUST0112,Daniel,Baxter,michele09@example.com,(955)643-5137,2024-11-24,Millermouth,Wyoming,Bahamas,60+
CUST0113,Michelle,Leonard,garrettramirez@example.net,001-416-464-8956x5626,2025-08-12,Jasonview,Alaska,Guernsey,26-35
CUST0114,Martha,Grant,cjackson@example.org,987-891-8575,2024-03-18,Aguilarton,Wyoming,Germany,26-35
CUST0115,Frank,Smith,vgeorge@example.com,+1-389-728-6390x16767,2023-12-16,Paulview,Minnesota,French Guiana,26-35
CUST0116,Jon,Barnes,hvargas@example.org,448.243.1755x005,2025-03-13,North Alexandraland,North Dakota,Japan,46-60
CUST0117,Blake,Trevino,mmcgee@example.com,(266)704-0185,2024-04-16,North Amandabury,Arkansas,Sweden,36-45
CUST0118,Amanda,Turner,qmathis@example.org,(230)209-2094x102,2024-06-10,Valerieburgh,South Dakota,Saint Vincent and the Grenadines,18-25
CUST0119,Devin,Floyd,dgomez@example.org,(770)296-9753x9159,2023-04-08,North Cameronborough,Illinois,Nigeria,46-60
CUST0120,Yolanda,Young,michelle35@example.com,(776)897-3299,2025-09-14,South Jessicamouth,Colorado,Russian Federation,18-25
CUST0121,Ashley,Cox,jenniferfarrell@example.com,+1-794-649-9899,2025-02-21,Lake Claytonburgh,Indiana,Afghanistan,26-35
CUST0122,Edwin,Crane,xbarnes@example.org,(540)472-4447,2025-07-26,New Corey,Louisiana,French Southern Territories,46-60
CUST0123,Melissa,Adkins,jody98@example.com,510-801-2935x03974,2024-06-03,South Rodneyburgh,Rhode Island,Palestinian Territory,36-45
CUST0124,Lisa,Ramirez,michele32@example.org,986.800.2427x8077,2023-03-07,Port Tyler,Florida,Bulgaria,46-60
CUST0125,Robert,Harrison,careyvincent@example.com,937.793.2645,2025-10-24,West Donnaside,Pennsylvania,Sweden,26-35
CUST0126,Matthew,Hawkins,popewilliam@example.net,+1-806-248-1359,2024-10-06,Hartfort,Alabama,Liberia,18-25
CUST0127,Tammy,Foster,smithlarry@example.net,303.352.8234x849,2023-09-24,Lake Fred,Hawaii,Ireland,60+
CUST0128,Andrew,Brown,tclark@example.org,811.472.1214x8913,2024-01-03,Reneeside,Alabama,Chile,60+
CUST0129,Margaret,Lucas,andersonshannon@example.org,9412746844,2023-08-21,Maryton,California,Antigua and Barbuda,26-35
CUST0130,John,Burns,dominiccrawford@example.com,001-886-790-4707x00258,2023-01-15,Hansonberg,Oklahoma,South Georgia and the South Sandwich Islands,60+
CUST0131,Christopher,Jones,lmorris@example.net,(237)565-0450,2025-05-09,Thomaschester,Idaho,Gambia,26-35
CUST0132,Charles,Curtis,antonio31@example.net,(933)540-2232,2023-06-13,West Tammiefurt,Massachusetts,Jordan,26-35
CUST0133,Brianna,Ingram,anthonyrios@example.net,2239107994,2023-06-25,Matthewborough,Alaska,Antigua and Barbuda,60+
CUST0134,Gina,Burton,michaelblankenship@example.net,863-246-6240x5424,2023-05-12,North Abigail,Utah,Angola,18-25
CUST0135,Monica,Clarke,curtis02@example.com,9328827532,2023-03-01,North Andrew,Georgia,Tonga,26-35
CUST0136,Lauren,Tate,wardrobert@example.com,+1-459-790-0200x0690,2025-08-02,Robinsonburgh,Iowa,Kuwait,60+
CUST0137,Christina,Riley,carolmaynard@example.net,+1-291-256-3428,2025-08-22,Sloanstad,Virginia,El Salvador,36-45
CUST0138,Darryl,Green,edwardserin@example.org,600-618-8201x68719,2023-12-23,Christopherburgh,North Carolina,Belarus,18-25
CUST0139,Gregory,Thomas,palmertanya@example.com,+1-320-258-9591x466,2024-06-24,West Andreaburgh,Arkansas,Togo,60+
CUST0140,Jennifer,Fuentes,aimeesmith@example.net,001-647-286-5065x8867,2023-02-17,South Theodore,North Carolina,Saint Barthelemy,26-35
CUST0141,Karina,Hill,rosebradford@example.net,709-634-5968x4456,2025-06-20,Nicholsonstad,Wyoming,Central African Republic,26-35
CUST0142,Steven,Holloway,egreen@example.net,504-912-7261x528,2025-05-13,Moorefurt,Arkansas,Yemen,18-25
CUST0143,Brian,Cooper,hodgesjoseph@example.com,785.849.2144x7691,2024-01-15,Hancockchester,Ohio,Tokelau,18-25
CUST0144,Megan,Campos,hwilliams@example.com,315-227-2039,2023-05-08,South Dennismouth,Nevada,Timor-Leste,18-25
CUST0145,William,Vargas,colonrichard@example.net,001-849-552-1049x343,2024-09-08,Port Ryan,Kansas,Cook Islands,36-45
CUST0146,Holly,Martin,tonyasalazar@example.com,801-874-6757x6329,2023-12-30,Alisonport,Maryland,France,18-25
CUST0147,Greg,Weaver,qbrandt@example.net,+1-747-394-4019x1767,2024-02-06,South Alex,Oklahoma,Singapore,60+
CUST0148,Wyatt,Sellers,karendrake@example.com,(526)631-9925,2025-02-22,East Charleneside,South Carolina,Nepal,46-60
CUST0149,Richard,Wallace,kbrown@example.com,+1-874-834-8268,2025-02-18,North Kristi,Alaska,Mali,36-45
CUST0150,Lee,Campbell,cbarnes@example.com,001-733-801-5466x1763,2024-06-26,North Ericastad,New York,Niue,36-45
CUST0151,Angela,Mack,murraychristopher@example.com,(362)823-1557x3902,2024-06-13,East Ashley,Delaware,Tajikistan,46-60
CUST0152,Rose,Smith,gthompson@example.net,975-825-3385x6413,2025-12-27,Whitetown,Hawaii,Cambodia,36-45
CUST0153,Rick,Miller,bchan@example.org,900.534.4087x75981,2023-12-29,North Jamie,Arizona,Tonga,18-25
CUST0154,Alicia,Diaz,monicalittle@example.com,+1-291-485-7069x0984,2023-04-09,Bondview,Tennessee,Guyana,46-60
CUST0155,Sherry,Torres,kelly63@example.org,+1-754-459-5231,2025-04-06,Kellieborough,Vermont,France,60+
CUST0156,Michael,Harris,adam23@example.net,+1-540-797-1155x6392,2025-09-17,Lake Michael,Maryland,Switzerland,36-45
CUST0157,Gary,Perry,floreskenneth@example.net,(594)540-8387x4612,2023-08-10,Nealburgh,Montana,Denmark,18-25
CUST0158,Stephanie,Franco,heathersullivan@example.net,(633)495-2205x3089,2025-11-23,South Bradleyberg,Tennessee,Azerbaijan,18-25
CUST0159,William,Avila,hughescatherine@example.net,(209)822-1614,2025-07-20,New Travis,Rhode Island,Yemen,26-35
CUST0160,Mark,Perez,wbrooks@example.org,(395)503-6216x58449,2025-06-12,Vasquezburgh,Tennessee,Antigua and Barbuda,36-45
CUST0161,James,Kennedy,gmarshall@example.com,+1-480-348-5613,2025-11-29,North Juan,Pennsylvania,Thailand,60+
CUST0162,Jared,Hess,bowenmadison@example.net,+1-316-707-4303x82545,2024-07-20,Leonberg,Mississippi,El Salvador,60+
CUST0163,Toni,West,kristensanders@example.org,+1-930-781-1256x6026,2023-08-02,Velasqueztown,Virginia,Morocco,60+
CUST0164,Adam,Perez,chapmansteve@example.com,985-614-6028,2024-11-07,Bowmantown,South Carolina,Romania,36-45
CUST0165,Courtney,Gibbs,erik13@example.org,001-763-353-7495x7438,2025-01-02,Lake Robertport,Mississippi,Sri Lanka,46-60
CUST0166,James,Clark,michellegriffin@example.net,480-835-0197,2024-02-19,New Kyle,Arizona,Northern Mariana Islands,36-45
CUST0167,John,Avery,cbeltran@example.net,(355)869-0432x430,2023-12-03,Andreabury,Montana,Kyrgyz Republic,46-60
CUST0168,Christine,Webb,barbara89@example.net,919-521-3435,2023-12-04,Port Lisa,Oregon,Isle of Man,18-25
CUST0169,Terry,Gray,michaelsoto@example.com,001-250-526-4834x516,2024-09-05,Lake Deniseborough,Connecticut,United States Virgin Islands,60+
CUST0170,Michael,Mckay,clarkamy@example.org,692-360-7922x6581,2023-02-01,Osbornbury,Kentucky,Comoros,36-45
CUST0171,Anne,Hoffman,igonzalez@example.net,001-938-735-0249,2024-03-03,East Lori,Michigan,Brazil,36-45
CUST0172,Richard,Church,ortizjoanne@example.net,+1-550-505-3907x9072,2024-11-27,North Susan,Kansas,Aruba,60+
CUST0173,Jeff,Taylor,wendy72@example.org,001-474-632-4985x92154,2023-06-24,North Luisbury,Mississippi,Brunei Darussalam,60+
CUST0174,Victor,Padilla,harrisluke@example.net,(667)536-8457x71505,2025-06-13,Stephenmouth,Florida,Georgia,46-60
CUST0175,Jason,Martinez,mariathomas@example.net,+1-893-517-5023x322,2025-03-04,Paulside,Maine,Australia,26-35
CUST0176,Cody,Brewer,tshaw@example.com,(881)409-4458x551,2024-01-05,Shawville,North Carolina,Croatia,26-35
CUST0177,Kevin,Willis,tuckerkari@example.org,817-726-4219,2025-03-12,New Kimberly,Alabama,Timor-Leste,26-35
CUST0178,Erika,Morris,jason74@example.net,399-677-9308,2025-08-12,Suttonborough,Tennessee,Nauru,36-45
CUST0179,William,Moses,nathanschmidt@example.org,956-687-7884x98067,2024-12-31,Moorestad,Nevada,Moldova,46-60
CUST0180,Katherine,Swanson,denise76@example.org,626.858.7252x954,2023-04-17,East Jennifer,Massachusetts,Suriname,46-60
CUST0181,Jeffrey,Hanson,ronaldbarton@example.org,001-235-769-9948x2085,2023-10-08,Teresamouth,Iowa,Venezuela,18-25
CUST0182,Shane,Grant,mccartybrandon@example.net,(624)473-1186x55171,2023-12-23,West Jameston,Pennsylvania,Azerbaijan,60+
CUST0183,Dennis,Hall,john14@example.net,928-835-5612x095,2023-07-09,Pattonhaven,Florida,Estonia,60+
CUST0184,Meghan,Bailey,torresnatalie@example.com,+1-296-582-3029x8600,2023-11-29,Westview,Florida,Cayman Islands,36-45
CUST0185,Jody,Griffin,cfigueroa@example.net,001-822-508-9333x0261,2023-08-17,Mariotown,Oklahoma,Niger,46-60
CUST0186,Michelle,Bell,brian80@example.net,633-714-6492,2025-11-01,Spencermouth,Iowa,New Zealand,26-35
CUST0187,Stephanie,Bond,andersenjennifer@example.net,+1-635-443-3489x6188,2024-11-13,Brownborough,South Carolina,Monaco,60+
CUST0188,Linda,Brown,jasonroberts@example.net,6419525020,2023-01-11,West William,Ohio,Saint Helena,36-45
CUST0189,Catherine,Anderson,rgallagher@example.org,8374896639,2025-05-24,Lake Cynthiaborough,Connecticut,Lebanon,36-45
CUST0190,Todd,Mckinney,scott85@example.net,001-887-864-0400,2023-08-04,Bonnieborough,Oklahoma,Chile,60+
CUST0191,Melissa,Blankenship,bennettwesley@example.net,001-308-456-6820,2025-04-21,Adkinsport,Iowa,Guatemala,36-45
CUST0192,Justin,Wallace,kimberlyjohnson@example.net,372-811-4416x94004,2024-10-02,Lake Emily,California,Tonga,60+
CUST0193,Heather,Russo,hscott@example.org,938-853-7500x90563,2023-03-17,Williamsland,New Mexico,Greenland,46-60
CUST0194,Danny,Richards,eodonnell@example.org,826.597.1367,2025-06-29,Diazland,Ohio,Armenia,46-60
CUST0195,Tina,Avila,gabrielledaugherty@example.com,(478)704-8113,2024-05-04,North Nathanshire,Delaware,Cook Islands,60+
CUST0196,Donald,Cook,maryholland@example.com,(964)353-4321x3594,2024-05-19,Andrewville,Pennsylvania,New Caledonia,26-35
CUST0197,Sarah,Brown,huynhjared@example.net,887-322-4198x356,2024-10-21,Courtneyview,Florida,Papua New Guinea,46-60
CUST0198,Stacy,Cruz,amy30@example.org,+1-677-584-0786x50635,2025-09-19,Murraymouth,Kansas,Bahrain,26-35
CUST0199,Timothy,Jones,hfisher@example.org,891-241-6244x152,2023-12-12,Crossmouth,Alabama,Croatia,60+
CUST0200,Michael,Harrison,miguelwaters@example.com,001-644-700-9838x9072,2023-04-19,North Jennifer,Wisconsin,Western Sahara,26-35
CUST0201,Charlene,Cox,melissafranco@example.com,+1-698-518-8561x01004,2024-09-10,Nicholasview,Arizona,Eritrea,18-25
CUST0202,Donald,Lynch,katrinathompson@example.com,001-833-671-8146,2025-01-28,Leonhaven,Connecticut,New Zealand,18-25
CUST0203,Nicholas,Brewer,jacobholmes@example.org,+1-457-290-4068,2023-02-19,South Christopherview,Connecticut,Mayotte,46-60
CUST0204,Kenneth,Liu,uchen@example.org,(422)924-9776x988,2023-06-08,Lake Michaelburgh,Texas,Guinea-Bissau,60+
CUST0205,Patrick,Love,pdavis@example.net,7203253643,2024-04-02,Lewisland,Tennessee,Grenada,46-60
CUST0206,Carolyn,Soto,uguerrero@example.org,3393342620,2025-05-03,Coreybury,New Mexico,Myanmar,46-60
CUST0207,Joel,Wells,nathanielcombs@example.net,+1-397-357-6442x69833,2023-02-04,Mckenzietown,North Carolina,British Virgin Islands,26-35
CUST0208,William,Williams,derek75@example.com,(852)475-9410x205,2023-10-12,Jodyberg,Indiana,Myanmar,60+
CUST0209,Kimberly,Mercer,uperry@example.net,(879)459-6741,2023-12-18,Lake Natalieside,Minnesota,Liberia,26-35
CUST0210,Brandon,Jordan,badams@example.net,3124709889,2025-08-17,Michaeltown,Kansas,Palestinian Territory,26-35
CUST0211,Willie,Benjamin,richardleonard@example.net,7472495204,2025-11-05,Jamesfurt,Virginia,Holy See (Vatican City State),60+
CUST0212,Oscar,Carter,leverett@example.net,4099864065,2025-12-10,New Bryan,Montana,Slovenia,36-45
CUST0213,Christopher,Gibbs,vhamilton@example.net,(650)486-5730x332,2023-12-31,East Kim,Kentucky,Mauritius,26-35
CUST0214,Nathan,Jackson,jgraham@example.com,001-434-271-7710x93052,2024-04-06,Lorifort,Maine,Saint Pierre and Miquelon,60+
CUST0215,Jacob,Thomas,khopkins@example.com,+1-970-567-1224x6850,2025-10-12,Harrischester,Washington,Romania,60+
CUST0216,Joseph,Howard,nicholasmartinez@example.com,929-377-2917,2023-03-10,South Sheenaburgh,Arizona,Ireland,46-60
CUST0217,Lauren,Smith,bhouse@example.net,499-313-8135,2023-04-22,Rebeccachester,Massachusetts,Latvia,18-25
CUST0218,Jennifer,Porter,jmontgomery@example.net,749.990.5656,2025-07-04,Nicoletown,Iowa,Tokelau,46-60
CUST0219,Paula,Clark,hpage@example.org,846.723.0599,2025-08-16,Jamesport,California,Bahrain,36-45
CUST0220,Christina,Jennings,kevin27@example.com,001-371-548-3041,2024-08-19,Lake Rachelbury,California,Guam,46-60
CUST0221,Rachel,White,lisadelgado@example.com,+1-481-387-2658,2025-08-09,Melaniefurt,Nebraska,Panama,36-45
CUST0222,Thomas,Floyd,danielcowan@example.org,(716)960-5063,2024-04-26,Jenkinsmouth,Iowa,Uruguay,36-45
CUST0223,Anita,Reeves,ernestsmith@example.org,+1-992-717-7433,2025-01-29,Johnburgh,South Carolina,Zimbabwe,26-35
CUST0224,Hunter,Shelton,garciacarolyn@example.org,5979063580,2023-06-24,West Karaview,Idaho,Liechtenstein,46-60
CUST0225,Edward,Fitzgerald,gshea@example.net,(437)246-3230x19987,2024-11-28,Hernandezside,Kansas,Serbia,36-45
CUST0226,Tiffany,Henry,kaitlyndeleon@example.com,(289)808-7930x87785,2023-11-04,North Dawnchester,Indiana,Falkland Islands (Malvinas),46-60
CUST0227,Sharon,Roy,cookbrittany@example.net,757-338-4278x815,2024-04-27,Lake Douglas,Washington,Congo,18-25
CUST0228,Kathy,Anderson,scott03@example.org,721.746.6840x3172,2024-09-10,New April,New Jersey,Djibouti,26-35
CUST0229,Emily,Thompson,hermanamy@example.net,556-243-0943x1231,2024-02-15,New Crystaltown,Oregon,Azerbaijan,18-25
CUST0230,Amanda,Walters,millsyolanda@example.org,001-487-750-1590,2025-02-09,East Jessica,West Virginia,Anguilla,60+
CUST0231,Brandon,Moyer,zacharyvilla@example.net,001-591-848-0150,2023-04-09,New Eric,Kansas,Mauritius,26-35
CUST0232,Jason,Rodriguez,msanders@example.org,857.271.2986x03576,2024-11-12,Ryanport,Hawaii,Costa Rica,18-25
CUST0233,Tyler,Murphy,amanda15@example.com,(905)569-3702x36216,2024-05-12,Steveton,Texas,United Kingdom,26-35
CUST0234,Jacqueline,Matthews,christopher53@example.com,(896)772-0100x733,2023-04-06,Duffyland,Arizona,Norfolk Island,46-60
CUST0235,Mitchell,Miller,hooverryan@example.com,001-574-875-1853x78388,2023-07-31,New Ericaborough,Alabama,Tunisia,26-35
CUST0236,Mark,Crawford,pwelch@example.net,(769)489-8695x9731,2023-09-05,Gregoryview,Wisconsin,Mauritania,26-35
CUST0237,Tony,Adams,thompsonkelli@example.com,+1-575-352-5366x6500,2024-11-10,Gutierreztown,Nebraska,Vanuatu,46-60
CUST0238,Jessica,Brown,bdaniels@example.org,(514)802-8303x6766,2024-03-14,East Davidfurt,Louisiana,Antarctica (the territory South of 60 deg S),26-35
CUST0239,Michelle,Webb,william44@example.com,+1-632-784-7619x017,2025-03-20,Lake Wayne,Indiana,Taiwan,36-45
CUST0240,Alexander,Fields,rsmith@example.com,(733)215-3601x298,2024-10-25,Millermouth,Mississippi,Mauritius,60+
CUST0241,Debra,Hernandez,christinesteele@example.com,(861)391-3625x1499,2023-09-24,East Robertmouth,North Carolina,Romania,46-60
CUST0242,Todd,Richards,natalie33@example.org,(979)851-2052x6983,2023-08-25,Martinezside,New York,Ecuador,18-25
CUST0243,Barbara,Garcia,mitchellcraig@example.com,999.214.0409,2025-11-01,West Jessicafurt,Kansas,Burkina Faso,46-60
CUST0244,Alexandra,Jordan,mejiakristin@example.com,+1-895-652-3346x51400,2024-03-12,West Crystalfort,Illinois,Timor-Leste,46-60
CUST0245,David,Boone,tami70@example.org,(635)660-5351,2024-11-18,Jefferyhaven,Massachusetts,Georgia,60+
CUST0246,William,Robbins,anita70@example.net,660-828-1184x7014,2024-08-26,Kristenburgh,North Dakota,French Guiana,46-60
CUST0247,Lawrence,Walker,vaughnmatthew@example.net,5804195737,2025-07-19,Williamfort,Nevada,Suriname,18-25
CUST0248,Tiffany,Soto,ajohnson@example.net,432-989-0847x549,2025-05-06,South Melissachester,Wyoming,United Kingdom,46-60
CUST0249,Rebecca,Lowe,jason14@example.org,001-501-810-6109x730,2023-08-30,Port Kenneth,Nebraska,Swaziland,26-35
CUST0250,John,Hill,brianrichards@example.com,8715993557,2024-05-20,Robertsborough,Wyoming,Ecuador,18-25
CUST0251,Jason,Diaz,xlopez@example.net,906.985.8604,2024-02-18,New Tinaport,Delaware,Romania,36-45
CUST0252,Ricardo,Johnson,davidcarter@example.com,001-932-979-8017x1329,2023-09-19,Matthewborough,West Virginia,Luxembourg,36-45
CUST0253,Amanda,Garcia,kharrison@example.org,7083268973,2023-06-27,Lake Patriciaborough,Alabama,Afghanistan,18-25
CUST0254,Heather,Boone,friedmanbrittany@example.com,+1-401-824-9000x616,2025-12-22,Aaronside,North Dakota,India,60+
CUST0255,Michael,Murphy,mwillis@example.com,001-401-798-0749x0540,2025-05-27,Mckayville,South Carolina,Cape Verde,26-35
CUST0256,Robert,Wilson,bonnie27@example.com,(855)966-7493,2023-01-31,Santanaland,New York,Yemen,26-35
CUST0257,Judith,Taylor,gwilliams@example.net,(619)714-9151x5525,2024-02-18,East Lisaton,Georgia,Saint Martin,46-60
CUST0258,Bob,Rogers,xmartinez@example.org,+1-537-984-1478,2023-09-29,North Jasmineview,New Mexico,Bahrain,18-25
CUST0259,Eric,Reed,esmith@example.net,302.428.9046,2024-07-28,Davischester,Indiana,Burkina Faso,36-45
CUST0260,Kimberly,Crawford,robert51@example.net,4366690445,2025-09-19,Jacksontown,Kansas,Poland,60+
CUST0261,Christian,Blair,denisejimenez@example.net,265.524.8571,2024-10-09,Port David,Wisconsin,South Africa,18-25
CUST0262,Aaron,Garcia,adam73@example.com,(731)877-4592,2024-02-19,Hannahport,Ohio,Isle of Man,26-35
CUST0263,Jonathan,Hebert,smithjoseph@example.net,672.203.6823x402,2025-08-16,Port Mariahtown,Connecticut,Grenada,36-45
CUST0264,Denise,Gonzalez,jason82@example.net,769.674.3005x1772,2023-01-01,Lake Robert,Oklahoma,Saint Barthelemy,26-35
CUST0265,Danielle,Wilson,christopher74@example.org,419-463-4669x033,2025-07-20,Millerside,Alaska,India,46-60
CUST0266,Abigail,Coffey,mcdanieljeffrey@example.com,001-712-776-5748x06686,2025-03-06,Port Davidside,Ohio,Egypt,26-35
CUST0267,Destiny,Bates,michael36@example.com,371-815-0219,2024-10-28,Bennetttown,Vermont,Thailand,26-35
CUST0268,Brenda,Jackson,reillychristina@example.com,001-522-804-4755x331,2024-12-18,Port Rebeccastad,Florida,Reunion,60+
CUST0269,Matthew,Edwards,sergiojoyce@example.com,540.534.1290,2025-12-03,Sydneymouth,South Dakota,United States Minor Outlying Islands,18-25
CUST0270,Timothy,Roach,nestrada@example.org,+1-545-335-5605x792,2025-10-21,Farrellview,Mississippi,Bermuda,60+
CUST0271,Christopher,Phillips,qmedina@example.org,285.637.5212x140,2025-10-05,Lake Victoria,Alabama,Mexico,26-35
CUST0272,Yolanda,Reyes,rbrown@example.net,(971)373-1012x8158,2025-04-02,Oconnellmouth,Iowa,Brunei Darussalam,46-60
CUST0273,Erin,Payne,piercepatrick@example.com,001-243-395-5928x05919,2024-06-20,Yvonneberg,North Carolina,Saint Lucia,26-35
CUST0274,Brett,Lewis,howellthomas@example.org,(838)487-5588x07439,2023-06-01,Youngville,Minnesota,Libyan Arab Jamahiriya,46-60
CUST0275,Stephen,Nelson,richard47@example.net,287.249.7031,2024-09-01,Port Harold,Maine,United States Minor Outlying Islands,18-25
CUST0276,Melissa,Solis,elizabeth11@example.com,+1-485-377-5350x5788,2025-04-08,Port Michaelberg,Hawaii,Kazakhstan,36-45
CUST0277,Thomas,Moore,vaughnsarah@example.com,(626)644-5136x6972,2023-07-01,Lake Christinachester,Florida,Mongolia,18-25
CUST0278,Valerie,Nelson,ashleyjackson@example.com,001-412-213-8733x840,2025-07-11,Melissaton,Ohio,Morocco,26-35
CUST0279,John,Solomon,jeffreyandrews@example.com,(996)488-3517,2025-03-27,Francisburgh,Connecticut,Italy,36-45
CUST0280,Lisa,Mcneil,mhamilton@example.net,+1-371-426-7353x9322,2024-02-25,Snowtown,New Jersey,Swaziland,36-45
CUST0281,Dustin,Thompson,valdezmadison@example.com,001-466-512-6668x0074,2025-08-01,East Tammy,Vermont,United States Minor Outlying Islands,26-35
CUST0282,Brianna,Taylor,jacobhill@example.com,8486377576,2025-10-02,Port Rose,Tennessee,Taiwan,26-35
CUST0283,John,Lamb,denisebuckley@example.net,(757)261-1117x7153,2025-03-02,Carolynfurt,Missouri,Faroe Islands,26-35
CUST0284,Laura,Mitchell,michael90@example.com,(747)480-2105x7930,2025-02-15,Lake Eric,West Virginia,Algeria,60+
CUST0285,William,Walker,knightjohn@example.org,989-434-2680,2025-07-13,Clarktown,Kansas,Namibia,60+
CUST0286,Wendy,Burgess,robinsonalex@example.net,(753)490-9369,2025-02-17,Hallberg,Texas,Peru,26-35
CUST0287,Ricardo,Johnson,stephanieross@example.net,(793)313-9881x705,2024-02-29,Nguyenshire,Vermont,Bahamas,60+
CUST0288,James,Turner,benjamin58@example.org,+1-723-396-0414,2025-11-26,Davidbury,Iowa,Burundi,60+
CUST0289,Kimberly,Jordan,ronald17@example.org,001-476-810-6092,2023-05-16,South Diana,Alaska,Cape Verde,60+
CUST0290,Robert,Wallace,benjamin35@example.net,001-935-653-6710x9650,2025-08-17,West Daniel,Minnesota,Jamaica,36-45
CUST0291,Andrew,Davis,kimberlyhughes@example.net,+1-990-235-4534x0156,2023-03-16,Louisfort,Pennsylvania,Venezuela,46-60
CUST0292,Rebecca,Pacheco,codyjohnson@example.com,001-793-886-7905x21344,2023-10-27,East Brenda,Maine,Algeria,46-60
CUST0293,Cody,Hampton,clarkeashley@example.com,+1-731-934-1258x3577,2024-08-13,East Christopher,Nebraska,Antigua and Barbuda,18-25
CUST0294,Jeremy,Ferguson,sheilaramos@example.org,(329)829-6527x664,2025-08-27,Deleonstad,Hawaii,American Samoa,18-25
CUST0295,Susan,Bright,marywilson@example.net,+1-758-326-6466,2023-02-01,Michelleside,Utah,Cyprus,46-60
CUST0296,Christina,Miller,jeffreymendoza@example.com,001-270-619-5056,2023-07-05,New Kenneth,Oklahoma,Switzerland,36-45
CUST0297,Christine,Pugh,greenharry@example.net,+1-683-272-6825x81116,2023-10-10,Fostermouth,Delaware,Jordan,18-25
CUST0298,Gabrielle,Cox,mindy26@example.net,765-993-1451x65571,2023-12-30,Lake Aprilshire,Wyoming,Brunei Darussalam,46-60
CUST0299,Laura,Mcconnell,imorgan@example.com,8543871746,2024-10-17,South Anthonyland,Washington,Dominica,46-60
CUST0300,Joel,Schmitt,harringtonherbert@example.com,+1-989-966-0957,2024-09-21,Port Douglasberg,Vermont,Uruguay,36-45
CUST0301,Ryan,Salinas,ricardo09@example.org,+1-554-933-2485x8172,2023-07-28,West Dwayneberg,New Hampshire,Armenia,60+
CUST0302,Reginald,Walker,amy78@example.com,270.966.2407x577,2024-05-29,Port Elizabeth,North Carolina,Hong Kong,46-60
CUST0303,Brian,Richards,harrissarah@example.com,460.442.0760x180,2024-06-20,New Malikbury,Hawaii,French Polynesia,18-25
CUST0304,Timothy,Ramsey,coliver@example.net,+1-986-906-7677x9566,2023-10-13,West Mario,Tennessee,Costa Rica,36-45
CUST0305,Dawn,Johnson,bperez@example.org,+1-380-645-6813x889,2024-10-23,Willisborough,Virginia,British Virgin Islands,36-45
CUST0306,Brent,Hayes,smithstephen@example.com,(893)540-6240x479,2024-11-08,Brittanybury,Wyoming,Equatorial Guinea,46-60
CUST0307,Jared,Holmes,patrick10@example.com,571.274.9454,2025-06-02,Gregoryview,Louisiana,Nicaragua,26-35
CUST0308,Heather,Martinez,eriddle@example.net,(605)265-4854x9642,2023-10-02,Craigfurt,Oklahoma,Saint Pierre and Miquelon,36-45
CUST0309,Marie,Armstrong,gordonkarina@example.com,+1-923-610-6647x865,2024-07-21,Port Kelly,Connecticut,Spain,46-60
CUST0310,Ashley,Myers,angelacarter@example.net,919-448-2617x9051,2025-11-01,East William,North Dakota,Cyprus,36-45
CUST0311,Paul,Cunningham,xsosa@example.com,652.811.0959,2025-01-14,West Roberthaven,Illinois,Burkina Faso,26-35
CUST0312,Robert,Castro,valencianathan@example.net,001-774-208-6253x737,2023-11-20,Port Kevinville,California,Macao,46-60
CUST0313,Heidi,Reynolds,vedwards@example.com,(512)926-3272,2024-05-13,Lake Nicole,Wyoming,Estonia,18-25
CUST0314,Omar,Williams,xmiller@example.com,284.764.1225x4496,2023-04-30,Louisside,Alabama,North Macedonia,18-25
CUST0315,Connie,Wright,dshelton@example.com,001-218-458-7613,2025-12-29,North Michaelville,Indiana,Kyrgyz Republic,26-35
CUST0316,Marissa,Ward,thomaslopez@example.org,(473)615-4964x2012,2025-07-28,Snyderville,Kentucky,Afghanistan,18-25
CUST0317,Emily,Ruiz,william73@example.org,(350)381-1012x85284,2023-03-28,West Christopherside,Illinois,Bosnia and Herzegovina,60+
CUST0318,Renee,Fuller,tommypratt@example.net,323-883-9811x652,2023-03-23,Brendahaven,Delaware,Latvia,26-35
CUST0319,Zachary,Young,paul06@example.net,001-775-394-0291,2023-04-30,East Aaron,Hawaii,Tanzania,36-45
CUST0320,Tara,Johnson,jennifervasquez@example.com,929.901.8527,2024-05-02,West Carl,Utah,Timor-Leste,46-60
CUST0321,Laura,Lyons,elaine26@example.net,538-764-1789x93948,2024-06-22,Lebury,Oregon,Cape Verde,46-60
CUST0322,Barry,Reeves,sandersnicholas@example.com,976.236.8352,2023-01-24,West Anthony,New Hampshire,Uzbekistan,46-60
CUST0323,Nicholas,Richardson,sherry49@example.org,+1-389-472-9587,2024-05-10,Adamberg,New York,Nicaragua,46-60
CUST0324,Shane,Colon,vincent76@example.com,818.604.7242x295,2024-11-11,South Carlos,Wyoming,Cape Verde,36-45
CUST0325,John,Adams,smithkatherine@example.org,374.757.4121x4286,2023-10-02,Forbesbury,South Carolina,Martinique,18-25
CUST0326,Nicholas,Gomez,garytaylor@example.com,621-446-8402,2023-09-09,South Daniellefort,South Carolina,South Africa,46-60
CUST0327,Richard,Lewis,atyler@example.net,581.872.4906,2024-09-16,Bassside,Minnesota,Kazakhstan,26-35
CUST0328,Kayla,Sullivan,ocarpenter@example.net,6272493605,2025-06-14,Gonzalesberg,Massachusetts,Australia,46-60
CUST0329,Whitney,Robinson,nmorales@example.org,+1-336-919-0777x150,2024-07-19,South Katherine,Massachusetts,Hungary,18-25
CUST0330,Nathan,Wells,gonzaleztammy@example.net,001-446-967-6134,2023-09-04,Samuelburgh,Kentucky,Jordan,26-35
CUST0331,Christine,Pierce,annettesmith@example.org,(794)955-9824,2024-09-13,Debrabury,South Carolina,Chile,26-35
CUST0332,Tami,Jones,bethany04@example.org,3515019344,2024-12-21,Maryborough,Texas,Bermuda,60+
CUST0333,Carla,Barnes,lisamcdonald@example.net,669-627-0810x9828,2025-03-04,West Benjamin,Georgia,Oman,46-60
CUST0334,Scott,Anthony,patrick67@example.com,285.913.3213x59433,2024-05-09,Kennethburgh,Montana,Maldives,36-45
CUST0335,Sarah,Harding,bmathews@example.com,984-424-9433x3928,2024-03-05,Millermouth,Nebraska,Finland,60+
CUST0336,Anthony,Barrett,acastro@example.net,+1-314-877-3492,2023-06-09,West Sara,Florida,Bhutan,18-25
CUST0337,Amy,Bowman,james86@example.net,617-778-5361,2025-02-17,Port Christinafort,Hawaii,Korea,46-60
CUST0338,Ashley,Vasquez,astanley@example.com,633-776-3128,2024-06-13,Clinefurt,Utah,French Southern Territories,60+
CUST0339,Raymond,Carter,gina53@example.net,+1-238-217-9319x7062,2023-04-25,East Marcusland,Wisconsin,Fiji,18-25
CUST0340,Michael,Edwards,kevin22@example.com,+1-921-715-3705x5313,2025-08-24,Fosterport,Maryland,Sao Tome and Principe,18-25
CUST0341,John,Andrews,nreyes@example.net,213-404-8575x66130,2025-10-12,Bondmouth,Minnesota,Timor-Leste,46-60
CUST0342,Destiny,Young,houstonmichael@example.org,001-291-836-5402,2024-06-12,Phillipshaven,Ohio,Luxembourg,26-35
CUST0343,Kelsey,Faulkner,whitejoseph@example.com,+1-411-390-9054x75691,2025-01-02,West Richard,North Dakota,Venezuela,60+
CUST0344,Stephen,Brown,ellisnicole@example.net,(933)974-6990,2023-11-04,South Margaretstad,Utah,Somalia,18-25
CUST0345,Michael,Flynn,wendy46@example.net,001-303-251-7284,2025-11-12,Coreymouth,California,Guinea,60+
CUST0346,Robin,Sherman,waltersmichelle@example.org,+1-817-214-6110x750,2023-05-17,Brandonberg,Michigan,Cote d'Ivoire,18-25
CUST0347,Ashley,Simmons,bridgesalexis@example.net,860.283.9301,2024-03-17,Port Lauren,Mississippi,Haiti,46-60
CUST0348,David,Reyes,taylorbrian@example.net,749.981.9600x7953,2025-06-04,Jessicafurt,Indiana,Guyana,36-45
CUST0349,Connor,Mahoney,rwashington@example.org,885.375.0544x5459,2024-12-18,Tapiaside,Wisconsin,Haiti,26-35
CUST0350,Vickie,Brock,operez@example.net,(256)635-1814x4856,2023-05-13,New Stacyfurt,Arizona,Belgium,18-25
CUST0351,Jay,Blankenship,tuckerpaul@example.com,(297)887-9959,2025-08-24,Haynesburgh,Delaware,Cuba,60+
CUST0352,Nathan,Jackson,brookskristy@example.net,291.352.7030x70919,2024-11-03,Gregoryberg,Illinois,Netherlands Antilles,46-60
CUST0353,Brooke,Williams,adavenport@example.org,001-345-427-7854,2024-08-13,North Angela,Montana,Tokelau,60+
CUST0354,Michele,Gibson,alan97@example.net,614-893-2914x1930,2024-04-29,North Daniel,North Carolina,Bangladesh,46-60
CUST0355,Stephanie,Ray,frygregory@example.net,(249)903-5149x10745,2025-05-13,East Michelle,Oregon,Libyan Arab Jamahiriya,26-35
CUST0356,Evan,Johnson,kevinjones@example.com,001-960-847-0062x3014,2025-09-03,North Laura,New Hampshire,French Southern Territories,60+
CUST0357,Brian,Stephens,robert12@example.net,469.948.1257x328,2023-11-21,West Natalie,Mississippi,Guernsey,60+
CUST0358,Cody,Matthews,cynthiaharrison@example.org,842-249-5969x9737,2023-05-10,Lake Shane,Illinois,Australia,46-60
CUST0359,Daniel,Nguyen,debramoore@example.com,639-734-6702,2023-01-18,Lucasburgh,Massachusetts,Western Sahara,36-45
CUST0360,Sara,Bailey,hendersonkrista@example.org,689-996-5548x70102,2024-07-15,Robinsonville,Colorado,Jamaica,46-60
CUST0361,Daniel,Gonzales,carrie96@example.org,631.950.8382x79912,2024-07-23,Woodborough,Indiana,Saint Barthelemy,26-35
CUST0362,Diane,Dixon,kelly40@example.net,+1-250-507-8693x505,2024-03-13,New Baileyside,Indiana,Denmark,26-35
CUST0363,Tanya,Aguilar,ugilbert@example.org,3858529248,2024-12-20,Port Williamville,Virginia,Saint Vincent and the Grenadines,26-35
CUST0364,Jennifer,Myers,kelsey18@example.net,001-910-408-9257x822,2023-04-10,Richardsstad,New Hampshire,Tajikistan,26-35
CUST0365,Jennifer,Miller,jensenandrea@example.org,695.556.3769x243,2025-12-12,West Christopherview,Alabama,Bahrain,36-45
CUST0366,Sara,Baker,oharris@example.org,(473)975-6503,2024-03-08,South Matthewton,Connecticut,Somalia,60+
CUST0367,Scott,Hayes,ogill@example.com,001-671-989-7227x8491,2023-10-02,New Dorothyborough,North Dakota,Dominica,18-25
CUST0368,Cynthia,Harris,melissa93@example.org,894.784.2104x26724,2023-06-09,Marychester,Michigan,Libyan Arab Jamahiriya,36-45
CUST0369,Diana,Snow,lindsay37@example.org,6637383315,2025-09-07,Lake Albertfort,North Carolina,Faroe Islands,60+
CUST0370,Cynthia,Henderson,hlopez@example.net,+1-321-391-4775x744,2025-10-05,Robertfurt,Idaho,British Virgin Islands,60+
CUST0371,Denise,George,luis72@example.com,874.310.6647x58970,2025-07-13,Carterbury,Oregon,Tajikistan,18-25
CUST0372,Bradley,Roberts,shawrobert@example.com,(782)714-2089,2024-10-20,Cordovashire,Delaware,South Georgia and the South Sandwich Islands,60+
CUST0373,James,Powell,christopherlewis@example.net,001-915-275-2986x19478,2023-05-11,Smithborough,Delaware,Northern Mariana Islands,46-60
CUST0374,Megan,Petty,misty16@example.net,591-662-1026,2025-04-06,Harperfort,Colorado,Aruba,26-35
CUST0375,Mackenzie,Hayes,carrillomichelle@example.org,(267)572-2897x48106,2023-01-24,Keithside,Nevada,Cocos (Keeling) Islands,60+
CUST0376,Robert,Bryant,qdixon@example.org,+1-488-940-1380x924,2024-03-18,Jasonport,Vermont,Greenland,60+
CUST0377,Robert,Pennington,petersnicole@example.org,2707115039,2024-07-21,New Elijah,Illinois,Cyprus,60+
CUST0378,Crystal,Nelson,william37@example.org,484.275.4336x2885,2025-10-31,Whitneybury,South Dakota,Finland,46-60
CUST0379,Kyle,Wagner,patricia66@example.com,(994)773-6939x214,2024-09-07,East Shirley,Colorado,Honduras,60+
CUST0380,Andrew,Jones,leslie65@example.net,001-620-588-8308x37661,2023-06-24,New Jennifer,Kansas,Philippines,60+
CUST0381,Ashlee,Howard,manuelsmith@example.org,(214)303-6448,2025-05-02,West Amyfurt,Louisiana,Albania,36-45
CUST0382,Christopher,Mitchell,hopkinsmargaret@example.com,+1-799-260-4938,2024-03-24,Jacksonport,Ohio,Mayotte,18-25
CUST0383,Vanessa,Smith,sandra69@example.net,+1-724-411-1556x390,2024-08-29,Kaisermouth,Michigan,Central African Republic,46-60
CUST0384,Daryl,Pena,evan42@example.net,3776442564,2025-03-12,Anthonyburgh,New Mexico,Niue,36-45
CUST0385,Joshua,Robbins,ugordon@example.com,8204296238,2023-06-24,North Brittany,Illinois,Libyan Arab Jamahiriya,26-35
CUST0386,Sean,Cisneros,crosscharles@example.com,(708)787-4339x515,2023-03-27,Alyssaville,Kansas,Vanuatu,36-45
CUST0387,Heather,Johnson,georgedrake@example.com,001-353-542-2272x84539,2025-02-26,Port Jennifer,Connecticut,Greenland,18-25
CUST0388,Elizabeth,Schwartz,gonzaleslee@example.org,647.724.5615x58304,2025-07-01,Blakeburgh,North Dakota,Czech Republic,46-60
CUST0389,Ashley,Miller,reneebush@example.com,631-215-2367x12601,2025-07-31,West Robert,Colorado,Vanuatu,36-45
CUST0390,Andrea,Trujillo,obrienjoshua@example.net,805.771.8533x449,2023-11-04,Port Lisa,Iowa,Saint Helena,18-25
CUST0391,Melissa,Riley,joannlee@example.net,643-545-3402x50910,2025-07-06,West Crystal,Texas,United States Minor Outlying Islands,46-60
CUST0392,Jesse,Franco,knightapril@example.com,+1-247-368-3245x45345,2023-11-10,West Jenniferbury,Kansas,Denmark,36-45
CUST0393,Stephen,Rivera,ericlewis@example.com,680-771-0775x7493,2025-02-22,Port Joel,New Jersey,Vanuatu,36-45
CUST0394,William,Mills,ahoward@example.org,+1-675-798-2969x8463,2024-05-26,Nancyberg,Iowa,Norway,46-60
CUST0395,Joseph,Cunningham,qnelson@example.net,467.995.4519x651,2023-06-20,Kelleystad,Georgia,Albania,60+
CUST0396,Robert,Ware,johnny60@example.com,001-702-504-4068x998,2023-07-26,Blackborough,Connecticut,Burundi,60+
CUST0397,Shelley,Gutierrez,daniel13@example.org,001-250-943-3427x242,2023-01-24,North Zacharyfort,Vermont,Lithuania,18-25
CUST0398,Judith,Blake,donna76@example.org,(508)645-4919,2025-12-18,Warrenland,Wisconsin,Netherlands,46-60
CUST0399,Matthew,Duffy,trevorcarpenter@example.org,(431)289-8770x62467,2025-03-18,West Michaelberg,Alaska,Cocos (Keeling) Islands,18-25
CUST0400,Carol,Hampton,lbrown@example.net,502.354.0252,2023-10-07,South Christopherland,Louisiana,Saint Pierre and Miquelon,60+
CUST0401,Kimberly,Ross,dwalker@example.org,767-836-9549,2025-12-23,Lake Meganside,North Dakota,Cyprus,36-45
CUST0402,Timothy,Everett,opalmer@example.org,(404)234-9582x0339,2023-01-25,Fosterbury,Michigan,Falkland Islands (Malvinas),26-35
CUST0403,Melody,Gonzalez,aanderson@example.net,734-580-1991,2024-09-12,Mckeeshire,Pennsylvania,China,26-35
CUST0404,Sara,Key,petersryan@example.org,001-618-248-6117x07570,2025-07-25,New Patricia,West Virginia,Netherlands Antilles,18-25
CUST0405,Todd,Curry,kevin87@example.com,001-622-913-5594x025,2025-06-11,Douglasport,Missouri,Saudi Arabia,46-60
CUST0406,Parker,Torres,tracey98@example.org,340.454.7481x0461,2025-02-06,Lake Kristin,Georgia,New Zealand,46-60
CUST0407,Joy,Malone,jandrade@example.org,742-883-5083x9793,2024-12-24,Boydbury,Oregon,Mali,46-60
CUST0408,Alejandra,Sanchez,elizabeth43@example.net,8794406649,2024-10-19,South Monica,Wisconsin,Algeria,60+
CUST0409,Jenna,Olson,richardsonjoanna@example.com,001-624-721-1403x006,2025-05-08,West Hunterview,South Carolina,Mauritania,26-35
CUST0410,Jennifer,Thomas,dennis88@example.net,8803759548,2024-11-08,Port Rebeccastad,Nevada,Afghanistan,18-25
CUST0411,Jaclyn,Salinas,tuckermichael@example.net,(576)873-0516,2024-11-14,New Natalie,Florida,Grenada,36-45
CUST0412,Larry,Kelly,mark89@example.org,001-932-437-4750x70318,2023-12-04,Port Billy,West Virginia,Chile,18-25
CUST0413,Loretta,Bradley,stephaniesolomon@example.net,001-704-679-5270,2023-03-02,Samanthatown,Alabama,New Zealand,18-25
CUST0414,Victor,Roberts,carterrodney@example.com,345.721.7598,2023-07-01,Chrisland,Ohio,Guam,36-45
CUST0415,Teresa,White,whernandez@example.org,(576)410-1528x131,2024-02-10,Port Melissa,South Dakota,Lesotho,36-45
CUST0416,Alexander,Montgomery,brandon04@example.net,9172720580,2023-05-08,Pattersonmouth,Pennsylvania,Belize,60+
CUST0417,Daniel,Weber,jennifer08@example.net,388-361-7604x6245,2024-10-03,Thomasberg,New Mexico,Costa Rica,36-45
CUST0418,Jimmy,Ward,faustin@example.org,+1-348-928-7783x5425,2025-03-02,Ashleystad,Vermont,Equatorial Guinea,60+
CUST0419,Nicole,Rivera,rhughes@example.com,(631)292-2807,2024-12-15,Port Anthony,South Carolina,Mayotte,26-35
CUST0420,Erin,Black,millerjavier@example.org,264-302-7800,2023-01-26,West Jennifermouth,Washington,Suriname,18-25
CUST0421,Paul,Shields,rjohnston@example.net,603-259-4516x6783,2024-12-22,Kaiserstad,New York,Guatemala,46-60
CUST0422,Shelley,Duran,patelmadeline@example.org,001-809-576-0026x0868,2024-11-20,East Kathleen,Indiana,Cameroon,18-25
CUST0423,Matthew,Butler,matthewgay@example.net,001-857-945-0472x63693,2023-05-30,Russellberg,Arkansas,Malawi,26-35
CUST0424,Andrew,Perry,brandoncastro@example.com,001-498-684-1860x384,2023-02-20,Gabrielshire,Kansas,Korea,36-45
CUST0425,Nicholas,Elliott,brownvickie@example.com,(957)442-3964,2023-11-11,Ryanburgh,Kentucky,Kenya,36-45
CUST0426,Penny,Johnson,carriephillips@example.org,(203)360-1803,2023-06-09,Williamsside,Vermont,Uruguay,18-25
CUST0427,Stephanie,House,micheleball@example.org,001-306-896-0787x331,2024-01-11,New Lisashire,Louisiana,Mozambique,26-35
CUST0428,Christopher,Abbott,jeffrey95@example.net,(348)781-1214x13114,2023-06-09,Robinsonmouth,Nevada,Mauritania,46-60
CUST0429,Alexis,Harris,dalethompson@example.net,001-578-490-8690,2024-03-05,South Kellyton,Maine,United Kingdom,36-45
CUST0430,Jennifer,Sanders,sarah41@example.org,+1-511-359-5962x731,2025-07-05,Susanville,North Dakota,Saint Vincent and the Grenadines,46-60
CUST0431,James,Daniels,tylerdanny@example.org,001-381-225-9035,2024-01-16,Andrealand,South Carolina,Brunei Darussalam,26-35
CUST0432,Brandon,Daniel,johnsonwayne@example.org,(943)230-8694x73518,2025-03-15,North Jonathanview,Kansas,Spain,36-45
CUST0433,Lisa,Fischer,fergusonmadeline@example.net,834-438-2576x898,2025-11-07,South Jessica,Louisiana,Montenegro,26-35
CUST0434,Mary,Gonzalez,guzmanlawrence@example.org,001-288-842-6724x10665,2024-04-28,North Tracy,Utah,Korea,46-60
CUST0435,Jennifer,Martinez,browncathy@example.net,502.368.4132x48381,2024-09-12,South Dana,Idaho,Serbia,26-35
CUST0436,Cynthia,Green,amandabowman@example.com,+1-606-267-6678x48820,2023-10-13,West Kevinberg,New Jersey,Congo,60+
CUST0437,Doris,Rodriguez,tanyajones@example.org,001-853-917-5457,2024-12-07,West Michele,Texas,Comoros,60+
CUST0438,Lindsey,Arias,rcarr@example.org,+1-542-319-9253x773,2023-04-14,Jonathanshire,Minnesota,Tunisia,26-35
CUST0439,Monica,Hutchinson,kevinriley@example.org,(227)824-7628x097,2025-08-26,Port Tashafurt,California,Hungary,46-60
CUST0440,Dennis,Strickland,rkent@example.com,001-554-642-2136,2024-02-07,North Jermaineland,Indiana,Honduras,46-60
CUST0441,Sarah,Gonzales,ahuynh@example.net,713-486-9916x068,2025-07-14,Alisonfort,Hawaii,Qatar,60+
CUST0442,Chelsea,Fleming,tbutler@example.net,(976)405-5489x1756,2024-04-08,Lake Anita,Alaska,Yemen,36-45
CUST0443,Vickie,Bowman,phillipmorrow@example.net,710.595.6726x339,2024-08-16,South Shelly,Louisiana,Panama,26-35
CUST0444,Lori,Summers,jennifer42@example.net,001-876-977-0493,2023-05-30,Lauramouth,Iowa,Lesotho,60+
CUST0445,Cheryl,Stewart,brian49@example.com,4162089037,2025-10-17,South Brianview,California,British Virgin Islands,36-45
CUST0446,Gabriela,Riley,gomezmolly@example.org,+1-513-453-6990x42359,2025-03-20,Lawrenceton,Nebraska,Svalbard & Jan Mayen Islands,46-60
CUST0447,Karen,Martinez,mirandamargaret@example.net,001-823-482-9279x5382,2024-01-30,Millerberg,Maryland,Iceland,26-35
CUST0448,Jennifer,Thomas,robin65@example.com,716.808.2036x473,2023-08-24,Christianview,Massachusetts,Togo,26-35
CUST0449,Bryan,Everett,keithharris@example.org,(775)688-0130,2024-09-04,North Sheilaview,Oklahoma,Kiribati,46-60
CUST0450,Nicholas,Miller,bergtodd@example.com,987-394-2147,2024-09-10,Johnsonside,California,Samoa,18-25
CUST0451,Marvin,Brown,wbrown@example.com,564-295-0514,2023-12-05,South Danielfort,California,Liechtenstein,60+
CUST0452,Beth,Hoffman,jenningslaura@example.net,001-902-615-4075x65785,2024-04-17,Jenniferville,Minnesota,Spain,18-25
CUST0453,David,Goodman,pcruz@example.org,918-847-4609x726,2023-09-05,West Destinyberg,Maine,Angola,46-60
CUST0454,Ashlee,Barber,pkeller@example.org,669.957.3936x405,2025-12-19,Allenbury,Mississippi,Bhutan,46-60
CUST0455,Erika,Williams,michael31@example.net,910.285.1755x5209,2024-10-15,New Allison,West Virginia,Niue,60+
CUST0456,Leslie,Drake,jsmith@example.org,274.692.7831x07477,2024-01-29,Reevesbury,Arkansas,Sri Lanka,18-25
CUST0457,Donna,Fisher,toddcurtis@example.com,001-410-560-6559x90224,2023-02-17,Chavezmouth,Georgia,Philippines,60+
CUST0458,Katelyn,Roy,biancagreer@example.com,(277)646-6018x613,2023-08-22,East Shaunland,Indiana,Guyana,26-35
CUST0459,Travis,Donovan,hamiltonbrandon@example.org,(724)616-0867x251,2024-08-31,Kimberlystad,Michigan,Saint Martin,60+
CUST0460,Scott,Russo,joshua52@example.com,575.790.9380,2023-04-05,Lake Antoniomouth,Rhode Island,Vietnam,18-25
CUST0461,Kristine,Flores,tblackwell@example.com,001-832-882-2418x10242,2024-05-12,Monicaborough,Texas,Uruguay,36-45
CUST0462,Gabriella,Charles,colleen23@example.com,918.415.3410x35790,2025-12-11,Port Jack,Oregon,Macao,46-60
CUST0463,Christian,Campbell,david46@example.net,+1-356-428-1556x68109,2024-05-12,Jackton,Michigan,Ecuador,46-60
CUST0464,Brian,Velazquez,kristen14@example.net,858-967-3845,2024-04-26,Terryfurt,Texas,Mauritius,46-60
CUST0465,Misty,Daniel,nharper@example.org,709-572-0893,2024-09-02,East Briana,Alaska,United Arab Emirates,46-60
CUST0466,Harold,Cox,petergarcia@example.net,350.239.2201x889,2025-12-29,Lake Alisha,Oregon,Poland,36-45
CUST0467,Devon,Martinez,mhernandez@example.com,576.650.7431x00301,2025-12-07,Port Joyceborough,Arkansas,Costa Rica,36-45
CUST0468,Jennifer,Smith,amy83@example.org,230-687-8949,2025-07-30,West Lindseyburgh,Louisiana,Sao Tome and Principe,26-35
CUST0469,Tina,Moon,stevenshepherd@example.org,+1-500-697-7480,2025-09-21,Andersonton,Maine,Iraq,60+
CUST0470,Laura,Carter,rachelhenry@example.net,848.679.4807,2025-11-29,South Carrie,Louisiana,American Samoa,46-60
CUST0471,Shane,Thornton,jasoncohen@example.com,877.592.4177x05526,2025-10-20,Johnstad,Mississippi,Belize,36-45
CUST0472,James,Neal,daniellestephenson@example.com,+1-430-825-8430x48181,2023-06-27,New Amber,Wisconsin,Vietnam,18-25
CUST0473,Todd,Moody,charlesortiz@example.org,(356)319-5345,2024-06-21,Mcdonaldfurt,New Jersey,Czech Republic,26-35
CUST0474,Sarah,Brown,julian62@example.com,(368)602-9247x5300,2024-04-16,North Stephen,Missouri,Grenada,26-35
CUST0475,Tracy,Long,campbellchristopher@example.net,605.974.4320,2024-08-28,Lake Paul,New Hampshire,Austria,60+
CUST0476,David,Nguyen,juliemoore@example.com,(827)656-6220x91366,2025-08-17,Sherryborough,Oklahoma,Central African Republic,46-60
CUST0477,Jacob,Johnson,holmesjohnny@example.net,232.795.7867x1201,2025-09-24,New Todd,Alabama,Saint Kitts and Nevis,26-35
CUST0478,James,Harvey,tzimmerman@example.net,001-773-397-2316x6126,2023-05-20,South Bradley,Indiana,Uruguay,46-60
CUST0479,Nicholas,Smith,dbowers@example.org,393.877.4765x4066,2025-07-28,East Sheri,Hawaii,American Samoa,36-45
CUST0480,Gregory,Cook,ricardo34@example.org,(315)675-3241x964,2024-02-02,Port Sethview,Utah,Belarus,46-60
CUST0481,Ryan,Miller,barbara61@example.net,699.992.9050x4702,2023-06-23,North Tiffany,Minnesota,Mali,26-35
CUST0482,Michelle,Kennedy,lisa16@example.org,875-759-0145x389,2024-07-22,East Christineshire,Georgia,Mexico,46-60
CUST0483,Kevin,Gardner,ashley12@example.org,8709731693,2025-12-23,South Melissa,Michigan,Panama,46-60
CUST0484,Christina,Scott,christopher41@example.com,(961)941-9243,2025-07-15,Meyersfurt,Rhode Island,Czech Republic,18-25
CUST0485,Edward,Collins,haroldgilmore@example.net,685-265-2114,2025-09-28,West Timothy,Arkansas,Iceland,26-35
CUST0486,Rachel,Hansen,rachel26@example.org,826.866.1466,2025-05-28,West Frankfurt,North Dakota,Equatorial Guinea,26-35
CUST0487,Leslie,Collins,ncortez@example.com,319-229-7783,2023-02-06,Fordberg,Alabama,Burundi,26-35
CUST0488,Allen,Johnson,cooleycasey@example.com,6607475692,2023-03-19,South Kristinastad,Wisconsin,Afghanistan,60+
CUST0489,Ronald,Smith,carmenclark@example.org,001-329-495-9397,2025-09-29,New Stevenmouth,Louisiana,United States of America,60+
CUST0490,Tiffany,Neal,qhill@example.org,828-457-0042x535,2024-07-30,Griffinborough,North Carolina,Jordan,26-35
CUST0491,Ryan,Baker,ddavis@example.net,001-496-979-9136x57743,2025-08-11,New Joshua,Colorado,Macao,26-35
CUST0492,Andrea,Rivera,conleyemily@example.net,(796)948-1014,2023-04-23,Maryside,North Carolina,Macao,60+
CUST0493,William,Gutierrez,jessicabell@example.net,+1-436-796-2348x62374,2025-11-19,Jenniferbury,South Dakota,Argentina,60+
CUST0494,Mark,Thomas,kimberly28@example.net,721-923-0935x8273,2024-08-31,Moorechester,North Dakota,Malta,18-25
CUST0495,Bruce,Cardenas,marcpalmer@example.net,001-391-843-4480x02888,2025-08-18,Ethanfurt,Wisconsin,Latvia,60+
CUST0496,Danielle,Stewart,fgardner@example.net,690.549.9461x7322,2024-05-18,South Anna,Maryland,Bulgaria,46-60
CUST0497,Elizabeth,Dawson,scollins@example.net,419.792.0204,2024-08-10,Bridgesbury,Idaho,China,36-45
CUST0498,Jacob,Orozco,jennifer36@example.com,(258)647-6392,2023-07-06,Mollyfurt,Rhode Island,Mali,36-45
CUST0499,Susan,Villanueva,brandonmorrow@example.com,652.250.2155,2025-01-08,Jasontown,Indiana,Holy See (Vatican City State),46-60
CUST0500,Matthew,Meyers,benjaminpeterson@example.org,+1-936-660-2913,2023-10-11,Lake Robert,Maryland,New Zealand,18-25
CUST0501,Joel,Adkins,clarkbarbara@example.net,(599)672-5895x2467,2023-04-18,New Lauren,Mississippi,Tokelau,60+
CUST0502,Gabrielle,Carter,kristin91@example.org,(698)507-3397x3079,2024-09-19,West Ashley,Rhode Island,Bahrain,46-60
CUST0503,Tracy,Mason,guerrerostephen@example.org,+1-322-238-0370x432,2025-07-07,Piercefurt,Michigan,Suriname,60+
CUST0504,Robert,Hill,clinepamela@example.com,215-653-1815,2023-04-24,Rodriguezstad,New Mexico,Grenada,36-45
CUST0505,Shannon,Walker,john42@example.net,557.365.6243x2816,2025-11-19,Woodbury,Indiana,Italy,46-60
CUST0506,Michael,Stewart,ramirezalexandria@example.org,230-517-7768x7348,2023-07-11,South Jonathan,Pennsylvania,Sao Tome and Principe,18-25
CUST0507,Jennifer,Robinson,pmata@example.org,4417690754,2023-06-25,North Jessica,Mississippi,Cocos (Keeling) Islands,46-60
CUST0508,Jeffrey,Fischer,raykristen@example.com,342-417-6959x1809,2025-01-14,Lake Marytown,West Virginia,Congo,36-45
CUST0509,David,Phelps,adrian14@example.org,621.943.6848,2023-03-20,Port Victoria,New York,Japan,18-25
CUST0510,Taylor,Stafford,jessica48@example.org,+1-203-772-3662x29333,2023-11-08,South Robert,Massachusetts,Tanzania,36-45
CUST0511,Shannon,Roberts,amberbrown@example.com,223-934-9243,2023-03-12,Lake John,Iowa,New Zealand,26-35
CUST0512,Joseph,Mcpherson,ramirezkimberly@example.org,435-420-5150x991,2024-03-22,East Craig,Texas,Tuvalu,36-45
CUST0513,Randy,Johnson,ianwise@example.net,+1-420-563-2946x264,2024-07-03,North Josephfurt,Missouri,Israel,46-60
CUST0514,Heather,Crawford,matthewrobinson@example.com,7132981441,2023-04-28,West Kenneth,Nevada,Singapore,36-45
CUST0515,Justin,Forbes,fosternicole@example.org,001-976-729-2085,2025-05-29,Frankfort,Colorado,Guernsey,36-45
CUST0516,Trevor,Brown,christopher57@example.org,523-320-3820,2023-04-23,Lake Jennifer,Indiana,Bolivia,18-25
CUST0517,Melissa,Jackson,michaelrich@example.net,001-236-699-7624x489,2023-01-21,Tammyshire,Oregon,Turkmenistan,46-60
CUST0518,David,Cole,zpeters@example.com,508-687-9132,2025-12-21,Lake John,South Dakota,Saint Lucia,18-25
CUST0519,Timothy,Baker,adrian61@example.org,381-986-0208,2023-02-21,Amandashire,Georgia,Egypt,60+
CUST0520,John,Rush,dylan85@example.net,001-214-243-6669x513,2023-08-02,Collinsside,Tennessee,Liberia,46-60
CUST0521,Jennifer,Martinez,dbolton@example.org,(236)293-5503,2024-12-16,Jamieton,Indiana,Fiji,36-45
CUST0522,George,Taylor,troy75@example.net,951.687.0615,2024-11-04,Cervantesfort,Wyoming,Solomon Islands,26-35
CUST0523,Cassandra,Fox,michaelobrien@example.net,817-620-2436x9500,2023-01-27,West Anthonytown,North Carolina,Bhutan,46-60
CUST0524,Bethany,Williams,richardmorris@example.net,+1-710-432-5258,2024-08-14,Aaronton,Utah,Iraq,36-45
CUST0525,Christopher,Ortega,ncampbell@example.org,(922)430-7061,2024-09-29,Lorettaside,New Jersey,Tunisia,26-35
CUST0526,Steven,Armstrong,baldwinnicholas@example.com,669.374.1408x281,2025-03-22,New Nicole,Iowa,Reunion,36-45
CUST0527,Shane,Smith,terriguzman@example.org,001-538-525-7485x72497,2025-01-17,Lake Stanleyberg,New Mexico,Oman,18-25
CUST0528,Edward,Bishop,blakeadkins@example.com,780.880.3883x4106,2023-05-09,Brownfurt,Colorado,Russian Federation,18-25
CUST0529,Sandra,Love,rjohnston@example.org,375.770.9508x760,2025-12-29,New Jessicaville,Georgia,China,36-45
CUST0530,Robert,Hooper,zholden@example.org,2813831928,2024-11-15,Port Amy,Nevada,Tanzania,46-60
CUST0531,Jason,Harrison,isabella39@example.com,356-502-7095,2023-04-11,Kathrynborough,Kansas,Lithuania,18-25
CUST0532,John,Edwards,zhorne@example.org,001-724-497-6788x41893,2023-05-15,New Erica,Massachusetts,Slovenia,36-45
CUST0533,John,Solis,stevengonzalez@example.com,243.620.7799,2024-08-11,Johnville,California,Cuba,26-35
CUST0534,Connie,Aguirre,daniel63@example.org,850.780.4473x95677,2024-06-05,East Aprilton,Oregon,Saint Kitts and Nevis,26-35
CUST0535,Benjamin,Peterson,hannahpierce@example.net,001-808-926-6517x3801,2023-12-23,Ericamouth,Idaho,Haiti,26-35
CUST0536,Christopher,Jackson,burkekenneth@example.net,6513913853,2025-05-25,Lindafort,North Dakota,Grenada,36-45
CUST0537,Richard,Thompson,nicholskeith@example.net,001-376-833-3428x06502,2023-10-21,Lake Rebeccachester,Delaware,El Salvador,60+
CUST0538,Rita,Joseph,ballardchristian@example.com,001-644-814-7624x1515,2024-06-17,Vaughnland,Oklahoma,British Virgin Islands,26-35
CUST0539,Amy,Smith,matthewmitchell@example.net,561.965.0165,2024-01-02,Hunterport,New Jersey,Congo,36-45
CUST0540,Craig,Obrien,martinezmatthew@example.net,001-386-277-8506x238,2025-08-05,Courtneytown,Vermont,Bangladesh,36-45
CUST0541,Cindy,Alvarado,mburke@example.org,392-457-5463,2023-09-20,New Gavin,Colorado,Somalia,36-45
CUST0542,Melinda,Thompson,sharonperez@example.com,666.674.0630x8038,2024-06-24,Hawkinsberg,Arizona,Faroe Islands,46-60
CUST0543,Suzanne,Smith,gomezjared@example.net,(711)722-5661x347,2025-02-11,Kyleton,North Carolina,Romania,18-25
CUST0544,Carolyn,Kim,rodney20@example.org,001-920-879-1888,2025-11-08,Michaelfurt,Iowa,Zimbabwe,26-35
CUST0545,William,Santiago,hmiller@example.com,590.952.6729x077,2025-05-22,Terrymouth,Montana,French Southern Territories,46-60
CUST0546,Amy,Casey,bakerlatoya@example.net,802.440.2006,2024-11-29,East Robert,Colorado,Canada,26-35
CUST0547,Peter,Finley,adamhaynes@example.net,+1-370-872-2359x6694,2023-06-12,Morrisview,Oklahoma,French Southern Territories,36-45
CUST0548,Christopher,Morrison,mark79@example.com,001-585-653-9777x6105,2023-11-02,Marcusview,New Mexico,Ghana,36-45
CUST0549,Mary,Dudley,lward@example.com,4044957469,2025-07-26,Raymondfurt,Iowa,Kuwait,46-60
CUST0550,Donna,Grant,ualexander@example.com,+1-444-351-8993x033,2024-09-30,North Amy,Idaho,Ethiopia,60+
CUST0551,April,Martin,cassie15@example.org,001-508-332-3756,2025-01-15,Joeltown,Texas,Reunion,26-35
CUST0552,Cindy,Nelson,roachmary@example.com,532-472-9308,2025-02-14,New Andreabury,Arkansas,India,46-60
CUST0553,Kayla,Reyes,hcooper@example.net,001-992-666-5538x434,2024-12-15,Riveraburgh,South Dakota,Botswana,18-25
CUST0554,Michael,Collins,paynedanny@example.org,312-897-8068,2025-04-07,Emilyport,New York,Nepal,60+
CUST0555,Ebony,Fox,lisa12@example.net,+1-308-796-6875x780,2023-06-02,West Robert,Utah,French Polynesia,18-25
CUST0556,Michael,Hendrix,mmiller@example.com,001-248-714-5175x33994,2025-11-14,Port Travis,Hawaii,Syrian Arab Republic,46-60
CUST0557,Michael,Hernandez,zjimenez@example.org,+1-526-543-1502x22574,2025-02-27,Ingramland,Arkansas,Kuwait,18-25
CUST0558,Anthony,Kelley,jennifer83@example.com,413-591-3018,2025-12-30,Poolefurt,Rhode Island,Cyprus,18-25
CUST0559,Carol,Rojas,stevensjanice@example.net,001-772-708-6151x9634,2023-06-24,North Allen,Idaho,Gambia,18-25
CUST0560,Mary,Young,simpsonvictoria@example.com,(534)600-6743x60434,2023-03-27,East Kelsey,Kansas,Nauru,26-35
CUST0561,Christopher,Mooney,jillquinn@example.com,(462)488-7930x0763,2024-07-26,Yorkside,Connecticut,Honduras,46-60
CUST0562,Sabrina,Finley,evaughn@example.net,(923)459-1265x2646,2024-08-25,North Anthonyville,Hawaii,Swaziland,36-45
CUST0563,Rita,Sheppard,allenmatthew@example.org,+1-311-347-9169,2024-11-14,Lake Stephanieberg,Ohio,Moldova,36-45
CUST0564,Veronica,Moore,mrobinson@example.com,001-594-352-0595,2024-03-23,North Amberfort,Oklahoma,Maldives,46-60
CUST0565,Stacy,Bell,jennifersmith@example.com,+1-337-507-3456,2024-01-21,Vaughnburgh,Indiana,Tanzania,26-35
CUST0566,Nicholas,Schultz,erik43@example.net,4566330373,2024-02-25,Edwardsport,Kentucky,Gabon,18-25
CUST0567,Jonathan,Williams,michaelherrera@example.net,3413829618,2025-08-29,Browntown,North Dakota,United States Minor Outlying Islands,36-45
CUST0568,Victoria,Rhodes,madisoncoleman@example.org,(542)582-3380,2024-11-16,South Johnnyfort,Illinois,China,36-45
CUST0569,Jeremy,Garrett,rebecca95@example.com,6655211352,2025-05-31,West Andrewland,Massachusetts,Sudan,60+
CUST0570,Ian,Lopez,mhoward@example.org,001-471-846-9288x496,2025-10-16,South Joshuafurt,Alabama,Pakistan,18-25
CUST0571,Scott,Hendrix,mcleanlauren@example.com,290-549-7954,2024-09-15,New Jakestad,Missouri,Mozambique,26-35
CUST0572,Brian,Sims,schmidtholly@example.org,(593)447-9148x3510,2023-06-21,Smithfurt,New York,Micronesia,18-25
CUST0573,Kristi,Davis,uchavez@example.org,(971)664-2332x649,2024-12-13,Port Karenville,North Carolina,Tuvalu,26-35
CUST0574,Christina,Underwood,bryan87@example.org,631.697.2122x25581,2025-02-17,Oliverport,Indiana,Lebanon,18-25
CUST0575,Joshua,Oneill,pittscrystal@example.com,+1-848-900-5559x7529,2024-04-18,Melissaton,South Dakota,Czech Republic,36-45
CUST0576,David,Green,joannaalvarado@example.net,940.710.0510x0211,2024-05-19,East Robert,Kentucky,Cambodia,26-35
CUST0577,Stephanie,Moss,kevinbentley@example.org,573.889.2043,2025-12-11,Port Kathy,Mississippi,American Samoa,36-45
CUST0578,Sarah,May,tanyamorton@example.org,(898)232-8280,2023-12-31,Lake Travis,Kentucky,Tuvalu,26-35
CUST0579,Julie,Farmer,caitlinchen@example.net,271-929-8641,2023-02-17,Port Destinyfort,Texas,New Zealand,46-60
CUST0580,Jody,Fisher,villegasstephen@example.net,811-995-1542,2023-12-03,Robertchester,Colorado,British Virgin Islands,18-25
CUST0581,Joann,Herman,rebeccapage@example.com,594-756-7748,2023-10-31,Port Brendafurt,West Virginia,Samoa,36-45
CUST0582,Jonathan,Carrillo,dsawyer@example.com,+1-674-898-6917x19727,2025-12-17,South Jaimeview,Missouri,Turks and Caicos Islands,46-60
CUST0583,Kristina,Ross,john93@example.com,(700)419-0056,2023-09-17,Port Melanie,Maryland,Australia,46-60
CUST0584,Brianna,Thompson,lstokes@example.com,829.213.8283x1429,2024-01-06,Richardport,Maine,Montserrat,26-35
CUST0585,Adam,Burgess,burgesschristopher@example.org,7347776525,2025-09-21,West Chasehaven,Maryland,Ecuador,18-25
CUST0586,Jamie,Davis,caseychristine@example.net,(704)439-8101,2023-04-05,Lake Kayleeton,Idaho,Saint Martin,36-45
CUST0587,Nathan,Reyes,marcus81@example.com,001-716-841-0413x851,2023-04-21,West Sarah,Hawaii,Norway,36-45
CUST0588,Matthew,Sanders,heatherdominguez@example.org,(795)256-8321x591,2024-01-13,West Kellyberg,Minnesota,Guadeloupe,18-25
CUST0589,Joshua,Ruiz,uphillips@example.com,219-216-5410x656,2025-06-21,Angelaborough,Nebraska,Armenia,18-25
CUST0590,Emily,Wagner,oward@example.com,972.693.1140x5158,2024-10-26,New Andrew,Maine,Tunisia,60+
CUST0591,Julia,Contreras,taylorvelez@example.com,471-266-2225x35720,2024-05-15,Andersenburgh,Missouri,Haiti,60+
CUST0592,Shannon,Harris,brandyriddle@example.net,8084401920,2024-12-22,Smithbury,North Carolina,Thailand,60+
CUST0593,Robert,Waters,wongkaitlin@example.org,939-911-3693,2023-05-06,Ramosfort,Mississippi,Portugal,36-45
CUST0594,Brenda,Griffin,suzanne07@example.org,001-201-438-7263,2023-05-13,Jacksonstad,Connecticut,Lesotho,60+
CUST0595,Kelly,Hudson,emily11@example.org,001-232-385-8746x348,2024-12-25,Lake Jefferystad,Idaho,Germany,60+
CUST0596,Cynthia,Carson,cohenglenn@example.net,+1-454-414-8768x2510,2025-11-19,South Kimberlyside,Washington,Thailand,26-35
CUST0597,James,Freeman,michael72@example.net,599.800.6954,2025-03-09,South Andrew,Colorado,Samoa,36-45
CUST0598,Lindsey,Chung,kristinapierce@example.com,001-727-857-4566x25753,2025-06-04,West Tiffany,California,New Caledonia,36-45
CUST0599,David,Pacheco,caseyallison@example.com,+1-935-309-7937x22866,2023-06-11,North Michaelmouth,Mississippi,Nauru,36-45
CUST0600,Madison,Harrison,pamela50@example.org,914.479.7292x9265,2023-03-18,Port Jeremyburgh,South Dakota,Honduras,18-25
CUST0601,Crystal,Norris,millerjoseph@example.com,+1-581-473-2224x11082,2023-01-18,South Jeffrey,Arkansas,Barbados,18-25
CUST0602,Bailey,Watkins,cherylgriffin@example.net,547-345-9177x59876,2024-07-28,New Erinchester,Connecticut,Venezuela,46-60
CUST0603,Michelle,Cunningham,sabrina79@example.org,(933)629-0118,2024-06-28,Port Jonathanmouth,Louisiana,Tunisia,36-45
CUST0604,Jill,Mckinney,jessica81@example.com,521-633-9875,2025-08-27,West Michelleville,Florida,Pakistan,46-60
CUST0605,Jennifer,Baker,kcarroll@example.org,+1-355-258-6733x118,2024-04-27,South Jessicatown,North Dakota,Cape Verde,26-35
CUST0606,Heather,Ramirez,brandonestrada@example.org,001-638-718-6843,2024-02-17,Matthewside,Minnesota,Botswana,18-25
CUST0607,Anthony,Smith,jherring@example.org,923.226.7712x54319,2023-07-26,Deborahville,Mississippi,Saint Lucia,46-60
CUST0608,Amy,Vang,sherry07@example.net,655.947.8668x643,2024-09-12,East Emilytown,New York,Chile,36-45
CUST0609,Karen,Rodriguez,laurabennett@example.com,(424)805-9255x50886,2025-08-31,Donnashire,Florida,Lao People's Democratic Republic,18-25
CUST0610,Jennifer,Ross,elizabethnewton@example.com,+1-872-629-6753x922,2023-07-01,Craigfurt,Texas,Reunion,18-25
CUST0611,Katherine,Ross,ubeck@example.net,4716345148,2023-03-27,Port Danielle,Georgia,Eritrea,18-25
CUST0612,Alex,Meadows,maureen47@example.net,336-399-2795x42500,2023-12-15,Port Davidberg,West Virginia,Saint Lucia,36-45
CUST0613,Corey,Rios,kyleramirez@example.net,501-871-9078x7102,2025-07-05,Lake Claudia,Wyoming,Equatorial Guinea,60+
CUST0614,Emily,Myers,jonathandiaz@example.com,7435150832,2025-08-24,North Jessica,Pennsylvania,Cambodia,46-60
CUST0615,Edward,Smith,glenncheryl@example.org,001-683-807-8809x433,2023-02-17,East Bradleyfurt,Arizona,Finland,18-25
CUST0616,Paul,Cline,traciejohnson@example.com,001-330-322-9010x107,2024-04-19,Randymouth,Washington,Cote d'Ivoire,60+
CUST0617,Krista,Melendez,udavis@example.net,+1-907-838-5928x74502,2023-06-16,Travisview,Arizona,Guyana,36-45
CUST0618,Brianna,Owens,oroberts@example.net,+1-339-757-5832x0029,2023-07-09,Francoberg,Arizona,Central African Republic,60+
CUST0619,Nancy,Wise,ashley46@example.org,001-409-368-9302x0287,2025-03-13,West Melody,Texas,Singapore,60+
CUST0620,Laura,Frank,kurtescobar@example.org,395.634.7762,2025-02-07,New Denise,New York,Mozambique,60+
CUST0621,Brittney,Bautista,ygray@example.net,+1-723-286-6176,2023-12-24,Lake Jimville,Hawaii,British Indian Ocean Territory (Chagos Archipelago),46-60
CUST0622,Meghan,Wall,derrick01@example.org,251-551-5461x866,2025-09-27,New Juliashire,Vermont,El Salvador,46-60
CUST0623,Carmen,Hickman,laceyjohnson@example.net,+1-486-549-9346x2360,2024-02-25,Lake Marissa,Arizona,Norway,36-45
CUST0624,Amanda,Adams,rsolis@example.com,385.921.4938x920,2024-05-30,New Robin,Virginia,Belarus,18-25
CUST0625,Ryan,Lopez,smithnancy@example.com,854-528-2216x9061,2023-12-14,Lake Amandaberg,New Jersey,Saudi Arabia,26-35
CUST0626,Paul,Hughes,scott27@example.org,904-954-9737,2023-07-10,Lake Brett,Arkansas,Brazil,18-25
CUST0627,Pamela,Arellano,justin35@example.com,986.743.8633x08188,2025-10-05,New Lindsay,Pennsylvania,Gabon,60+
CUST0628,Brian,Ramirez,ramirezmark@example.com,(404)256-5085,2025-01-04,North Dawnborough,North Carolina,Greenland,18-25
CUST0629,Samantha,Olson,robinsonamanda@example.net,9436423237,2024-01-12,Franklinshire,New Jersey,Samoa,60+
CUST0630,Francisco,Hill,nguyenkatie@example.net,869-421-3997x767,2024-11-19,Rebeccaville,Nevada,Saint Kitts and Nevis,36-45
CUST0631,Julia,Griffin,jennifer47@example.org,+1-611-609-9689x169,2024-10-02,Port Samuelton,Montana,Equatorial Guinea,46-60
CUST0632,Donna,Gibson,louisjohnston@example.com,626.794.7090x799,2025-10-24,Staceystad,Wyoming,Monaco,36-45
CUST0633,Bobby,Palmer,jeff80@example.net,779-486-3476x557,2023-06-21,Sherryville,New Hampshire,Pitcairn Islands,46-60
CUST0634,Anthony,Reed,matthew10@example.net,001-823-522-0114x98425,2025-03-10,New Lee,Oregon,Saint Lucia,18-25
CUST0635,Lisa,Lee,michael44@example.com,239.857.9443,2025-03-22,New Douglas,Tennessee,Kenya,36-45
CUST0636,Renee,Miranda,kgarcia@example.org,(561)376-4198x2229,2025-05-24,East Terrystad,Kentucky,Poland,18-25
CUST0637,Ashlee,Thomas,okelley@example.net,646-237-6832x72487,2024-03-12,Port Andrewton,Idaho,Cambodia,36-45
CUST0638,Crystal,Williams,ross84@example.net,708-868-6756x8695,2023-09-01,Reedland,Maryland,New Zealand,36-45
CUST0639,Evan,Jones,ashlee96@example.org,001-999-468-3869x237,2023-12-31,West Stephen,Utah,Togo,26-35
CUST0640,Amy,Martin,charleswagner@example.net,669-660-9639,2025-09-07,Wheelerburgh,New Mexico,Nicaragua,46-60
CUST0641,Joshua,Roy,adam82@example.org,534-337-0434x7722,2024-11-15,Wardton,Michigan,Liberia,46-60
CUST0642,Teresa,Paul,tking@example.com,370.235.3490,2024-09-05,Timothystad,Michigan,British Virgin Islands,26-35
CUST0643,Joyce,Hill,rmiller@example.net,001-373-979-8442x6747,2025-07-29,Evelynville,Tennessee,Belgium,26-35
CUST0644,Sandra,Cowan,margaretmitchell@example.org,(328)691-3484x359,2023-11-22,East Justin,West Virginia,Venezuela,36-45
CUST0645,Joshua,Cervantes,randy76@example.net,+1-377-973-0974x86076,2024-03-29,Oconnellton,Mississippi,Taiwan,36-45
CUST0646,Patrick,Patterson,amanda62@example.net,355-717-9159,2025-02-05,Amandahaven,Massachusetts,Kazakhstan,36-45
CUST0647,Ashley,Howell,beverlyadams@example.com,+1-596-391-0778x8747,2023-03-12,Medinaburgh,Pennsylvania,Central African Republic,46-60
CUST0648,Jacob,Dunn,ashleymartinez@example.net,+1-274-686-6148x553,2024-07-30,Shannonmouth,Mississippi,Thailand,60+
CUST0649,Jill,Flores,mark41@example.net,860-283-2507,2024-04-23,Stephensonport,Virginia,Cook Islands,26-35
CUST0650,Michael,Williams,sotomorgan@example.com,001-228-329-2299x63528,2023-01-06,Lake Scott,Colorado,South Georgia and the South Sandwich Islands,46-60
CUST0651,Karen,Barnett,gbeck@example.com,001-277-724-6885,2024-12-10,Port John,Louisiana,United Kingdom,26-35
CUST0652,Joshua,Lee,william80@example.net,(731)699-8503x58510,2023-06-07,Port Danielfurt,Louisiana,Yemen,26-35
CUST0653,David,Gomez,margaretdaniel@example.com,(926)404-4593,2024-05-18,South Eugeneside,Tennessee,Cayman Islands,46-60
CUST0654,Lisa,Rojas,tammyvillarreal@example.org,001-453-610-1547x38591,2023-01-22,Emilyland,Vermont,Eritrea,60+
CUST0655,Luis,Mclean,camachojimmy@example.org,928-467-9698x2888,2025-06-29,Port Gabriellechester,Pennsylvania,Nicaragua,60+
CUST0656,Haley,Young,sherry34@example.com,472.711.5225,2025-11-19,New Teresatown,Utah,Finland,36-45
CUST0657,Charles,Mcbride,nathancameron@example.net,001-265-243-7241x9794,2025-05-26,Youngstad,Arizona,Malta,18-25
CUST0658,Tina,White,jeremiahlucas@example.org,(844)905-3152x804,2023-09-08,Colemanfort,Connecticut,Aruba,60+
CUST0659,Brittney,Parker,amandawright@example.org,001-291-508-9226x6431,2025-12-06,Douglasshire,Iowa,Svalbard & Jan Mayen Islands,60+
CUST0660,Melanie,Kemp,haynesandrew@example.com,538.372.4239,2025-01-13,Jeremyside,New Hampshire,Hungary,36-45
CUST0661,Nicholas,Shah,mike28@example.org,275.660.9375x409,2024-07-13,Lindachester,Louisiana,Palestinian Territory,36-45
CUST0662,Joshua,Gonzalez,leejulie@example.net,001-553-604-0589x625,2025-06-21,South Scott,Florida,Italy,46-60
CUST0663,Kendra,Smith,cynthiagallagher@example.net,624-244-8429x80579,2023-10-17,New Alicia,Pennsylvania,American Samoa,36-45
CUST0664,Eileen,Ferguson,william15@example.com,(934)463-5867,2024-01-07,South Kaylaland,West Virginia,Netherlands,36-45
CUST0665,Roger,Beard,stephen43@example.org,300-374-5672x11004,2025-11-21,North Jesseland,Vermont,Colombia,26-35
CUST0666,Bradley,Jenkins,odavis@example.net,(945)605-8970x5373,2024-03-21,Carlsonburgh,Texas,Zimbabwe,60+
CUST0667,Micheal,Douglas,bray@example.org,(405)484-1622x5639,2025-05-08,Johnmouth,Nevada,Thailand,60+
CUST0668,Brenda,Estrada,kenneth50@example.net,+1-428-971-4789x60617,2024-12-20,South Angelaberg,Nebraska,Germany,46-60
CUST0669,Jeremy,Flores,espinozamichael@example.net,553-969-6504x234,2025-08-30,Port Christine,Georgia,Saint Kitts and Nevis,26-35
CUST0670,Cathy,Winters,olsensydney@example.com,819-907-5144x3990,2025-12-24,Johnsonhaven,West Virginia,Sao Tome and Principe,46-60
CUST0671,Shelly,Lara,nicholssarah@example.com,001-836-806-6372x46268,2023-12-29,Williamsfurt,Delaware,Nepal,46-60
CUST0672,Katelyn,Rojas,mathischad@example.net,303.412.4121x332,2024-11-17,South Rachelchester,Pennsylvania,Lithuania,60+
CUST0673,Susan,King,davidcastaneda@example.com,(600)275-4537x6683,2023-08-06,South Donnaview,Indiana,El Salvador,26-35
CUST0674,Billy,Acosta,stephanie34@example.com,868.625.9651,2025-11-16,Port Whitneyland,Louisiana,Latvia,18-25
CUST0675,Melanie,Hill,christinacabrera@example.com,001-839-972-7134,2024-12-05,Eatonside,Ohio,Malawi,46-60
CUST0676,Crystal,Hubbard,jamesolsen@example.com,552-972-1949x4571,2024-09-12,Port Ellen,Hawaii,Senegal,46-60
CUST0677,Ronald,Walker,timothyward@example.org,506-400-3827x06216,2024-12-29,Sparksstad,Louisiana,Iceland,36-45
CUST0678,Joseph,Cook,mitchellkelly@example.net,+1-466-335-6523,2025-04-08,Lake Kentmouth,Tennessee,Libyan Arab Jamahiriya,26-35
CUST0679,James,Cole,cherylnavarro@example.net,366-402-3931x3315,2023-06-22,East Albert,Washington,Algeria,46-60
CUST0680,Patrick,Craig,natalie78@example.org,811-311-3776x61283,2023-06-29,North Sharon,Utah,Benin,18-25
CUST0681,Matthew,Williams,adamthomas@example.com,+1-896-588-8851x675,2025-09-29,Ryanbury,New Hampshire,Northern Mariana Islands,18-25
CUST0682,James,Chandler,astevens@example.net,285-482-0166x337,2023-11-21,Jessicaside,Virginia,Mayotte,60+
CUST0683,Kimberly,Morales,james11@example.com,712-865-8366x527,2023-08-25,Codyborough,New Hampshire,Kenya,26-35
CUST0684,Jonathan,Morgan,craigwright@example.org,+1-644-831-2774,2025-08-24,Jessicaburgh,Arizona,Aruba,18-25
CUST0685,Alison,Williams,jeanmiller@example.net,001-889-287-9518x1661,2024-03-19,Lake Brandyborough,Maryland,Tanzania,18-25
CUST0686,Steve,Smith,michael00@example.com,808-724-2626x461,2024-06-13,Lake Ronaldborough,Michigan,Sri Lanka,18-25
CUST0687,Devon,Hall,rosariolaura@example.org,(567)709-4593,2024-10-27,Arianaport,Michigan,Zambia,18-25
CUST0688,Juan,Morris,garrisoncourtney@example.com,951-669-3622,2023-08-24,New Sara,Alaska,Saint Pierre and Miquelon,46-60
CUST0689,Alison,Jackson,angelamiller@example.com,506-601-5038,2024-09-07,Port Richardville,Texas,Mozambique,60+
CUST0690,Darrell,Wilcox,kimberlyaguirre@example.com,001-497-218-6964x340,2023-03-10,Jenniferside,Arizona,Turkmenistan,60+
CUST0691,Marc,Hanson,milleremily@example.org,401.998.8383x19912,2025-04-20,North Markfort,Kentucky,Qatar,26-35
CUST0692,Christy,Ellison,wmaxwell@example.net,+1-306-834-0253x701,2024-12-18,New Cheryl,New Mexico,Armenia,36-45
CUST0693,Ricardo,Ferguson,morganjacob@example.org,539.598.6582,2024-03-09,Port Isaiah,North Carolina,Brazil,26-35
CUST0694,Tiffany,Freeman,carmenlee@example.org,571.791.3896,2025-01-07,Ashleyfurt,Georgia,Costa Rica,60+
CUST0695,Alexander,Franklin,johnsonkimberly@example.org,406.717.4568x78959,2025-02-28,North Francis,New Hampshire,Honduras,36-45
CUST0696,Joshua,Jackson,james96@example.org,+1-334-392-8982,2025-10-21,Smithmouth,Arizona,Tanzania,60+
CUST0697,Steven,Ortiz,weaverpamela@example.net,(505)689-6761x85239,2023-02-01,South April,New York,Taiwan,36-45
CUST0698,Christopher,Church,rogersjessica@example.org,001-666-554-1772x0879,2024-12-17,Lake Heather,Connecticut,Guam,18-25
CUST0699,Christopher,Ferguson,robynjones@example.com,001-908-502-6318x84644,2025-08-17,Port Rachel,New York,South Africa,18-25
CUST0700,Richard,Bolton,marcus31@example.net,+1-519-709-3842x1889,2023-06-27,Lake Andrewberg,South Carolina,Saint Vincent and the Grenadines,18-25
CUST0701,Rebecca,Brown,dmarquez@example.net,984-419-6116x88148,2023-08-16,Port Marisa,Mississippi,Switzerland,60+
CUST0702,Melissa,Mcclain,benjaminbishop@example.net,570-509-0855x4821,2023-12-05,West Jameschester,Connecticut,Jersey,18-25
CUST0703,Jessica,Shaw,danielle17@example.net,001-622-989-0457,2024-05-06,Richardfurt,Montana,Armenia,18-25
CUST0704,Stanley,Munoz,stacey67@example.net,(905)246-8201,2024-04-16,Port Matthew,Kansas,Lebanon,60+
CUST0705,Joel,Duncan,laurenbailey@example.org,+1-721-562-6767x70515,2024-04-02,Mariashire,Minnesota,Norway,36-45
CUST0706,Abigail,Mcguire,xgallagher@example.net,(467)434-2330,2024-06-08,Stephaniefurt,New Hampshire,Finland,46-60
CUST0707,Tracy,King,jfrancis@example.org,7978034809,2024-11-01,East Dianeville,South Dakota,Uganda,36-45
CUST0708,Emily,Nichols,michaelboyle@example.net,+1-628-830-7671,2025-05-02,South Bobbybury,New York,Sao Tome and Principe,60+
CUST0709,Richard,Nelson,christopher54@example.net,(521)299-9195,2025-11-11,South Rodneyhaven,Iowa,Guinea-Bissau,18-25
CUST0710,Michael,Beasley,amber56@example.net,(692)658-6659,2023-05-05,Mitchellborough,Illinois,Malawi,46-60
CUST0711,Lisa,Holden,youngcatherine@example.net,(725)496-4339,2025-09-07,Richardton,Massachusetts,Angola,18-25
CUST0712,Julie,Jones,kvaughan@example.com,974.398.6725x6488,2025-11-07,Robertbury,Rhode Island,Botswana,46-60
CUST0713,Justin,Smith,thomas99@example.net,+1-483-866-2080,2023-04-11,Brandyton,Oklahoma,Honduras,36-45
CUST0714,Karen,Romero,jacobstodd@example.com,+1-516-214-1525x36757,2025-04-22,South Jamesville,Missouri,Korea,46-60
CUST0715,Autumn,Murphy,kathleenduke@example.org,+1-593-584-8386,2023-07-15,South Meredith,Nebraska,Qatar,36-45
CUST0716,Stephanie,Hurst,michellesmith@example.com,001-520-374-2072x2549,2024-05-12,West Stephanie,Indiana,Indonesia,36-45
CUST0717,Cassandra,Harding,jordan26@example.org,742.787.4822x4693,2024-04-22,Draketon,Idaho,Burundi,18-25
CUST0718,Daniel,Butler,jsmith@example.net,001-627-457-1347x965,2025-01-18,Bairdtown,Connecticut,Haiti,36-45
CUST0719,Vickie,Parker,lauren90@example.net,417.616.1878x193,2023-05-24,Clarkstad,Wyoming,Germany,46-60
CUST0720,Kimberly,Greer,adamcarroll@example.net,001-550-696-4238x6854,2025-12-03,Wilsonchester,Idaho,Tokelau,26-35
CUST0721,Brandon,Mack,teresahall@example.org,5936489182,2024-12-21,Port Stacie,Indiana,Somalia,18-25
CUST0722,Michael,Adams,jamesjohnson@example.org,(610)389-0283x052,2024-05-08,West Kennethfort,Minnesota,Czech Republic,18-25
CUST0723,Mark,Watson,ryan57@example.org,621-910-5974x45493,2023-02-08,West Ashleyshire,Rhode Island,Bouvet Island (Bouvetoya),36-45
CUST0724,Wanda,Jones,wmorris@example.net,931.546.8288x94969,2024-05-04,Marcmouth,New Mexico,Namibia,26-35
CUST0725,Martin,Martin,sloangerald@example.org,227.234.2760x97398,2024-12-09,Reedside,Maryland,Moldova,36-45
CUST0726,Wesley,Franco,jillhansen@example.org,(602)652-3057x777,2023-05-21,Manuelshire,Virginia,French Southern Territories,18-25
CUST0727,Bethany,Lawrence,bradykatherine@example.net,+1-602-809-9732x96580,2023-01-28,Port Samantha,Utah,Cook Islands,60+
CUST0728,Victoria,Roberts,idawson@example.com,(647)459-1716x461,2025-02-02,Torresmouth,Alabama,Cote d'Ivoire,18-25
CUST0729,Michael,Williams,craigaaron@example.com,893.666.2796,2023-10-21,Andersonton,North Dakota,Lebanon,18-25
CUST0730,Bradley,Rush,david97@example.net,(402)247-8012x120,2025-12-21,Josephland,Nevada,Brunei Darussalam,60+
CUST0731,Breanna,Miller,lauriehuffman@example.com,540-790-2302x026,2023-08-16,South Danielleport,New Hampshire,Bermuda,18-25
CUST0732,Gary,Johnson,garciamorgan@example.net,+1-809-448-0719x3881,2023-08-29,Kellytown,Louisiana,Ghana,26-35
CUST0733,Sara,Jordan,john79@example.net,431.546.7370,2025-10-17,West Kristina,Hawaii,United Kingdom,60+
CUST0734,Ruben,Mendez,jason21@example.org,+1-458-718-4020x820,2024-07-24,Payneside,Tennessee,New Caledonia,46-60
CUST0735,Destiny,Hernandez,michaelyoung@example.com,971.822.3463x60076,2025-02-06,New Michaelville,Tennessee,Palestinian Territory,26-35
CUST0736,Kaylee,Bowman,susan62@example.org,(662)327-1395x8831,2025-01-22,East Saraberg,Texas,Jamaica,26-35
CUST0737,Kelly,Brooks,aliciarios@example.org,825.884.7975,2023-09-03,Port Lisa,Tennessee,Dominican Republic,60+
CUST0738,Christine,Lee,blakenicholson@example.org,+1-690-763-2181x9201,2025-02-10,North Justin,Missouri,Belgium,60+
CUST0739,Kyle,Weber,bgordon@example.net,(742)404-4944x0815,2024-03-04,North Jeffrey,Wyoming,Guinea-Bissau,26-35
CUST0740,Theresa,Johnson,strongseth@example.com,(400)562-0599,2025-03-18,Caitlyntown,Kansas,Nigeria,36-45
CUST0741,Morgan,Hernandez,qgeorge@example.org,001-706-977-9243x9197,2025-11-13,West Theresafurt,North Carolina,Belize,46-60
CUST0742,Rebecca,Whitney,dennisbridges@example.net,208-551-0326x1961,2024-06-02,Johnsonstad,Florida,Malta,60+
CUST0743,Lisa,Reed,jessicabrown@example.org,001-876-569-4414x2440,2025-08-24,Lake Adrienneborough,Wisconsin,Honduras,36-45
CUST0744,Rhonda,Burch,logan98@example.net,9568661890,2025-05-30,Johnberg,Nevada,Hong Kong,18-25
CUST0745,Ashley,Carter,joshuaespinoza@example.net,(654)481-8116,2025-04-12,New Robert,Rhode Island,Serbia,60+
CUST0746,Brittany,Hansen,ortizalexis@example.com,425.872.3366x61552,2023-04-01,Port Elaineport,North Dakota,San Marino,46-60
CUST0747,Stacy,Ball,scottrobin@example.net,817-243-4966x02510,2025-03-14,Lynchton,Missouri,Cuba,36-45
CUST0748,Darlene,Perez,zwebb@example.com,+1-885-632-3059x3487,2023-05-14,South Tiffanymouth,Wisconsin,Libyan Arab Jamahiriya,46-60
CUST0749,Isabel,Kaiser,jamesnolan@example.net,+1-791-876-1162,2023-02-26,Barbaraview,Georgia,Egypt,18-25
CUST0750,Kathryn,Yang,jacob85@example.net,396.487.6368,2023-06-15,Port Morgan,Arizona,Ecuador,18-25
CUST0751,Andrea,Acevedo,stephanie80@example.com,001-574-243-5436x0106,2024-10-24,New Traciville,New York,Georgia,36-45
CUST0752,Michael,Weber,nathan21@example.com,(257)992-7036x16702,2023-07-05,Lake Joshua,Missouri,Greece,46-60
CUST0753,Austin,Gomez,williamszoe@example.net,(744)449-8517x62238,2024-12-07,Rickymouth,Idaho,Montenegro,60+
CUST0754,Ashley,Ayers,rebecca19@example.org,(479)294-7070x528,2024-04-23,East Sarahport,Massachusetts,Cocos (Keeling) Islands,46-60
CUST0755,Brittany,Smith,fernandezbenjamin@example.org,+1-685-970-6350,2025-01-23,Johnton,South Carolina,Cayman Islands,18-25
CUST0756,Victor,Garcia,cordovanicholas@example.com,859-592-1965,2023-03-13,Lake Tamara,Oklahoma,Finland,18-25
CUST0757,Jessica,West,washingtonnicole@example.com,+1-727-304-5682,2025-05-07,West Amanda,Kansas,Bouvet Island (Bouvetoya),46-60
CUST0758,Michele,Hunt,chase35@example.net,(827)321-9220x922,2024-12-28,Romerotown,California,Australia,36-45
CUST0759,Nathan,Williamson,carpentercindy@example.org,564-234-5527x29201,2023-02-18,North Jessica,Minnesota,Palau,60+
CUST0760,Victoria,Mosley,perezelizabeth@example.net,707.940.9881,2025-05-30,Michaelfort,Wyoming,Jordan,26-35
CUST0761,Joseph,Miller,stacy59@example.net,632.257.7269x703,2023-01-16,New Lisa,Minnesota,Luxembourg,18-25
CUST0762,James,Gross,kfrost@example.com,+1-754-436-4349x05275,2025-11-28,Gutierrezburgh,Connecticut,Angola,60+
CUST0763,Nicole,Reyes,teresahoward@example.com,001-697-257-0084,2024-01-18,Johnborough,Arizona,Tajikistan,18-25
CUST0764,Luis,Richmond,ortegajamie@example.org,001-261-339-6031,2023-11-21,Port Kathy,Maryland,Togo,26-35
CUST0765,Caroline,Michael,margarethill@example.net,918-206-4936,2023-08-22,Josephmouth,North Dakota,Fiji,26-35
CUST0766,Jessica,Vaughn,ttaylor@example.net,610.971.6782,2025-11-02,Port Brandon,Georgia,South Georgia and the South Sandwich Islands,60+
CUST0767,Sheryl,Petersen,ellisadrienne@example.org,894.830.6904,2025-11-20,Kathrynfurt,Indiana,Tokelau,46-60
CUST0768,Bill,Goodman,williamsnicole@example.net,001-343-365-6660x9971,2025-04-21,Michaelberg,Mississippi,Qatar,18-25
CUST0769,Nicole,Heath,underwoodtyler@example.org,+1-818-590-4795x290,2024-10-05,Laurenberg,South Dakota,Guyana,60+
CUST0770,Steven,Mack,smithjohn@example.com,001-368-693-0493x843,2024-12-09,Perkinsfort,Vermont,Libyan Arab Jamahiriya,46-60
CUST0771,Lisa,Herrera,bishopannette@example.com,306-592-9249,2025-03-16,Port Marthatown,Kansas,Saint Kitts and Nevis,46-60
CUST0772,David,Jackson,mullinsjoshua@example.org,7185432846,2024-12-20,Davidland,Tennessee,Mozambique,46-60
CUST0773,Zachary,Johnson,weaverandrew@example.org,001-206-481-5287,2025-11-22,Ruizberg,Virginia,Zimbabwe,36-45
CUST0774,Christine,Khan,suttonanthony@example.com,212-581-9729x18451,2025-11-18,East Taylor,Ohio,Lithuania,18-25
CUST0775,Michael,Friedman,patriciawelch@example.com,9916906231,2024-05-20,West Jamesside,North Carolina,Northern Mariana Islands,26-35
CUST0776,Brandy,Wilson,katherinerobinson@example.net,001-953-265-8949x5203,2025-07-11,South Chad,New Mexico,Guernsey,18-25
CUST0777,Crystal,Tucker,catherineklein@example.com,3737575022,2025-12-19,Murphymouth,Pennsylvania,Comoros,26-35
CUST0778,Dillon,Higgins,ljohnson@example.org,341-343-6761x4503,2024-11-10,South Lauren,Nevada,Trinidad and Tobago,60+
CUST0779,Stefanie,Rose,christophermiddleton@example.org,(284)479-8832x927,2023-12-18,East Daveport,California,Jamaica,46-60
CUST0780,Julia,Owen,patriciaphillips@example.com,507.275.8001x1417,2025-01-16,West John,West Virginia,United Arab Emirates,26-35
CUST0781,Jay,Welch,rebeccahowe@example.org,313.996.9600x10322,2024-12-27,Colefort,Connecticut,Hungary,60+
CUST0782,Gina,Morris,rogersvincent@example.net,(415)972-5751,2023-11-04,Alexisville,Tennessee,Cocos (Keeling) Islands,46-60
CUST0783,Erica,Jefferson,rhonda43@example.com,+1-270-431-7372x00669,2023-10-18,Freemantown,Kansas,Congo,60+
CUST0784,Angela,Suarez,harriskelly@example.org,651.434.0095,2024-10-15,Andersonfurt,Mississippi,Uruguay,26-35
CUST0785,William,Torres,wilkinsonlindsey@example.com,394-440-2037x5002,2024-09-05,New Jennifer,Florida,Qatar,26-35
CUST0786,Sherry,Williams,yolandapowell@example.com,396-545-7274,2025-10-24,Danielletown,Connecticut,Vietnam,18-25
CUST0787,Jonathan,Arroyo,vroberts@example.net,+1-675-679-8901x916,2025-10-11,West Christina,Kentucky,Svalbard & Jan Mayen Islands,60+
CUST0788,Jane,Yang,kaitlyn42@example.net,001-415-805-5944,2023-01-19,Nelsonhaven,Tennessee,Niue,60+
CUST0789,Roger,Trujillo,monicarobertson@example.org,(355)910-6387,2023-09-24,Lake Patrick,Hawaii,South Georgia and the South Sandwich Islands,60+
CUST0790,Marie,Callahan,berryadam@example.org,(508)883-5260x2445,2023-12-18,Andreaton,Pennsylvania,Panama,18-25
CUST0791,Patricia,Brown,bullockcindy@example.com,(481)209-6238,2024-02-28,Weeksview,Arkansas,Marshall Islands,60+
CUST0792,Laura,Miller,craig67@example.com,+1-423-784-4888x1910,2024-06-29,South Jared,Nebraska,Zambia,60+
CUST0793,Amanda,Gonzalez,gerald01@example.com,9149279678,2025-05-04,Deborahshire,Oklahoma,Panama,46-60
CUST0794,Paul,Ellis,twatson@example.com,6376694325,2025-01-01,Jacksonland,New Hampshire,Eritrea,18-25
CUST0795,Heather,Taylor,angela35@example.org,804-743-8503,2024-01-14,Breannamouth,Texas,Cyprus,60+
CUST0796,Michael,Mitchell,bakerdavid@example.net,7077137511,2025-12-22,Lake Jessicashire,Kentucky,Bouvet Island (Bouvetoya),46-60
CUST0797,Nicholas,Jones,ricebrittney@example.net,9066204387,2024-08-13,Lake Amy,New Mexico,Cook Islands,26-35
CUST0798,Scott,Blair,dsnyder@example.org,636-322-5161x69861,2025-12-17,Reidborough,Idaho,Kyrgyz Republic,26-35
CUST0799,Jake,Smith,scottronald@example.org,4918329828,2024-09-28,South Casey,Utah,Slovakia (Slovak Republic),26-35
CUST0800,George,Johnson,ashley05@example.com,394.373.8366x548,2025-09-15,Port Alison,New Hampshire,Bermuda,46-60
CUST0801,Larry,Mathis,obrientimothy@example.net,676-892-4892x7569,2025-04-29,Joneston,Wyoming,Senegal,46-60
CUST0802,George,Gonzales,lyang@example.com,2103728607,2023-08-14,East Christyberg,Virginia,Hong Kong,46-60
CUST0803,Daniel,Campbell,riverathomas@example.org,(234)496-8134,2025-06-06,Delgadoberg,Missouri,Mexico,18-25
CUST0804,Jason,Oconnor,eowen@example.net,203.963.1416x24464,2025-08-28,Port Aliceton,Ohio,United States Minor Outlying Islands,60+
CUST0805,Elizabeth,Flores,robinbowers@example.org,811.458.6542x07239,2025-11-08,Randyshire,Montana,Germany,26-35
CUST0806,Randy,Cole,clarkjill@example.net,685-817-2655x1301,2025-05-16,South Donald,Alabama,British Indian Ocean Territory (Chagos Archipelago),60+
CUST0807,Philip,Peterson,javierhaley@example.com,522-289-5098,2025-10-02,Nguyenville,Ohio,Aruba,26-35
CUST0808,Patricia,Foster,mcbridetina@example.org,3922286237,2023-04-30,West Thomasside,Massachusetts,Micronesia,60+
CUST0809,Sean,Harris,wilsoncindy@example.net,001-962-911-0333x7124,2025-07-25,Craigfort,Wyoming,Ukraine,36-45
CUST0810,Julia,Johnson,samuelanderson@example.org,+1-683-523-4231x01040,2025-03-29,New Williamfort,Iowa,France,36-45
CUST0811,Rebecca,Berry,nicholasbates@example.org,+1-562-450-2285x1317,2025-11-08,Schmidtland,Kansas,Aruba,36-45
CUST0812,Matthew,Gonzalez,michael16@example.net,(230)471-3693x6012,2025-12-20,North Debra,South Dakota,Iran,60+
CUST0813,Richard,Hernandez,courtney24@example.org,410-672-0869x94637,2023-09-02,Lake Brandonbury,Georgia,Palau,46-60
CUST0814,Donald,Stokes,shanson@example.org,+1-599-628-5462x9662,2023-01-26,Port Stephen,Florida,Lesotho,26-35
CUST0815,Bonnie,Crawford,mfarrell@example.com,747-331-4841x48801,2025-01-26,Lisaville,Ohio,Vanuatu,18-25
CUST0816,Phillip,Gallegos,diazalejandro@example.com,372-803-7111x4460,2024-04-27,Port Dillon,Colorado,Vanuatu,46-60
CUST0817,David,Bennett,phillip68@example.com,713.544.2824x65853,2023-11-24,West Gabriela,Arizona,Peru,46-60
CUST0818,Martin,Khan,lisagraham@example.net,963-215-4877,2025-12-12,New Mark,Hawaii,Afghanistan,60+
CUST0819,Morgan,Fitzgerald,fostersandra@example.com,743.933.1178,2023-02-06,Lake Kerriborough,Kansas,Italy,46-60
CUST0820,Michelle,Adams,xjohnson@example.com,001-536-276-0628x28954,2024-03-15,Harveyton,New Hampshire,Saint Vincent and the Grenadines,26-35
CUST0821,Brittney,Moore,ianbyrd@example.org,+1-565-700-1872x434,2025-05-19,Port Alexander,Illinois,Bahrain,46-60
CUST0822,Randall,Rodriguez,howen@example.org,(756)475-7155x9260,2023-03-01,West Robin,Iowa,United Kingdom,46-60
CUST0823,Kelly,Harris,codyaguilar@example.net,692.715.6825,2024-05-23,Garzabury,New Hampshire,Costa Rica,46-60
CUST0824,Joseph,Guerrero,robertsonlisa@example.net,5323107083,2025-08-12,Michaelview,Illinois,Lao People's Democratic Republic,18-25
CUST0825,Patrick,Molina,hernandezjohn@example.net,(281)753-8018,2023-04-26,New Steven,Indiana,Canada,36-45
CUST0826,Kevin,Carr,chansen@example.org,740-797-0041,2024-06-27,Collinchester,Indiana,Lesotho,36-45
CUST0827,Audrey,Ryan,samanthagarza@example.org,(610)233-2109,2025-12-07,Castilloton,Nebraska,Cayman Islands,60+
CUST0828,Charles,Perez,xporter@example.com,361-315-5337x41171,2024-07-11,Cliffordview,Arkansas,Netherlands Antilles,46-60
CUST0829,Erika,Levine,katherineflores@example.org,001-258-210-9153,2024-02-09,East Paul,Connecticut,American Samoa,26-35
CUST0830,Betty,Scott,johnoliver@example.net,+1-897-447-8071x947,2023-04-23,Fletchermouth,Illinois,Cocos (Keeling) Islands,36-45
CUST0831,William,Sanchez,brownjill@example.net,+1-969-444-2274x744,2023-07-24,Port Tylerton,Arkansas,Anguilla,60+
CUST0832,Rachel,Mitchell,ashley17@example.com,772-921-2780x260,2024-08-07,Martinfurt,Nebraska,Tunisia,18-25
CUST0833,Nathaniel,Larson,eddievasquez@example.net,(874)960-3566x12436,2025-05-14,Steventon,New Hampshire,Northern Mariana Islands,46-60
CUST0834,James,Herman,qhall@example.org,594.533.3168,2024-04-10,New Jamestown,North Dakota,United Arab Emirates,26-35
CUST0835,Robin,Roberts,crystal07@example.net,+1-693-458-9729x145,2025-12-20,Josephbury,Hawaii,Zambia,60+
CUST0836,Sarah,Villa,gabriellemitchell@example.org,8485465791,2025-03-06,Hallmouth,Massachusetts,Bouvet Island (Bouvetoya),18-25
CUST0837,Sean,Dyer,sbowen@example.com,633.727.8854,2024-05-24,Katelynmouth,Maryland,Falkland Islands (Malvinas),26-35
CUST0838,Veronica,Burton,lopezangela@example.net,767-931-0823x44159,2024-11-01,Walkertown,Utah,Honduras,18-25
CUST0839,Catherine,Anderson,ballderek@example.org,580-538-2975x3389,2025-08-06,Port Davidchester,Florida,Togo,60+
CUST0840,Emily,Perez,judith19@example.net,(809)578-6268,2024-06-10,East Emilyview,New York,Israel,26-35
CUST0841,Casey,Valdez,fjohnson@example.net,+1-859-917-4596x9376,2023-07-21,West Markhaven,New York,Moldova,26-35
CUST0842,Joseph,Owens,trobinson@example.com,(582)237-6838x085,2024-10-25,Garciaberg,Arizona,Vietnam,60+
CUST0843,Jessica,Walker,seancarr@example.com,+1-588-811-3406x404,2024-11-18,South Mark,Georgia,Netherlands Antilles,46-60
CUST0844,Sheila,Ford,frojas@example.com,(883)302-6224x2405,2023-01-30,Lake Destinymouth,Texas,Saint Martin,26-35
CUST0845,Henry,Page,adamsnancy@example.com,+1-456-327-7675x534,2025-02-05,Sullivanstad,Arizona,Peru,60+
CUST0846,Michael,Mitchell,hooddavid@example.com,+1-974-575-1878x2699,2024-01-25,Williamville,Alabama,Cayman Islands,60+
CUST0847,Todd,Espinoza,teresa93@example.com,733.966.7940x163,2023-08-07,East Rebeccaland,South Carolina,Guam,60+
CUST0848,Tonya,Santos,riveradawn@example.com,6024596139,2024-09-05,South Joycetown,Massachusetts,Sierra Leone,18-25
CUST0849,Susan,Brown,yatesmichael@example.net,425.482.4658,2023-01-14,North Brandonstad,Nevada,Marshall Islands,18-25
CUST0850,Ryan,Macdonald,vmckay@example.com,527.981.7734,2024-04-29,South Levi,Tennessee,Iran,46-60
CUST0851,Benjamin,Reed,woodsrobert@example.net,001-522-478-2102x6899,2024-09-29,West Melanie,Alaska,Saint Pierre and Miquelon,46-60
CUST0852,Cindy,Hernandez,anthonythomas@example.net,(786)577-9341x548,2023-06-05,Odonnellton,Wisconsin,Botswana,60+
CUST0853,Joseph,Young,owenwilliam@example.net,220-770-2568,2024-03-19,Port Stephanieburgh,Delaware,Estonia,60+
CUST0854,Gregory,Rodriguez,phyllis65@example.com,+1-486-491-6104x88298,2025-08-16,West Judy,Maine,Afghanistan,60+
CUST0855,Michael,Arroyo,vasqueznancy@example.com,001-332-692-7317x902,2025-10-30,New John,Indiana,Cape Verde,36-45
CUST0856,Tammy,Hart,wilsonzachary@example.net,001-924-275-0591,2025-08-15,Jessicafurt,Missouri,Uruguay,36-45
CUST0857,Mary,Cox,daniellarsen@example.com,304-563-6325x704,2025-02-12,Lake Marymouth,Minnesota,Panama,36-45
CUST0858,Mary,Powell,mooreanthony@example.org,436-446-4580x11820,2023-10-03,Port Rebeccaport,Utah,Wallis and Futuna,26-35
CUST0859,Robert,Wells,myerskristin@example.net,473.637.4466x72696,2024-11-18,Lake Erika,Virginia,United States Virgin Islands,36-45
CUST0860,Peter,Stokes,tonyapeters@example.com,(371)654-3825,2023-04-01,Smithfort,Washington,Saint Barthelemy,26-35
CUST0861,Debra,Jones,yjohnson@example.org,(457)911-0999,2024-10-02,Elizabethton,Indiana,Botswana,26-35
CUST0862,Paul,Moore,troypatrick@example.org,(246)551-1407x5344,2024-06-08,Lake Tinaside,Delaware,Russian Federation,46-60
CUST0863,Jesse,Elliott,ojones@example.org,454-902-1680x356,2023-03-16,East Heatherberg,Alaska,United States of America,46-60
CUST0864,Kenneth,Garcia,phillipkoch@example.net,+1-914-774-8177x1917,2023-04-06,Shepardport,New York,Belarus,18-25
CUST0865,Jasmine,Huff,sarahochoa@example.net,001-745-389-2923x80817,2024-05-31,Amyhaven,Maine,Tokelau,26-35
CUST0866,Brittany,Silva,molly42@example.net,857-382-2132x758,2023-07-08,North Heiditown,Missouri,Mongolia,60+
CUST0867,Alicia,Santiago,kgreen@example.net,212.757.8260x6438,2023-06-06,New Shauntown,Delaware,Uzbekistan,46-60
CUST0868,Michael,Gray,joshuagarrett@example.org,3225460725,2025-08-16,East Mollyfurt,Virginia,Tuvalu,26-35
CUST0869,George,Cochran,john08@example.org,999.852.0910x2294,2025-02-28,West Lindastad,Oregon,Peru,36-45
CUST0870,Mike,Jones,miguel08@example.org,+1-596-765-6445,2023-09-08,North Tonimouth,Delaware,Uzbekistan,60+
CUST0871,Danielle,Clark,mjones@example.org,001-317-888-5204x29558,2024-09-30,Colleenmouth,Washington,El Salvador,26-35
CUST0872,Daniel,Walker,xsmith@example.org,8848340981,2025-08-10,South Karenhaven,South Carolina,Honduras,46-60
CUST0873,Joseph,Jackson,bwhite@example.org,211-998-6982x057,2024-01-13,Lake Jessica,Nevada,Belgium,36-45
CUST0874,Nicholas,Finley,aguzman@example.net,497.978.6878x05647,2025-05-17,North Daniel,Oklahoma,Uzbekistan,60+
CUST0875,Melissa,Howard,brianalvarado@example.org,710.669.2795x338,2023-12-25,West Tammyhaven,North Carolina,Australia,26-35
CUST0876,Brian,Park,elowe@example.org,(991)436-7395x5724,2024-11-29,Burkefort,North Dakota,Sao Tome and Principe,60+
CUST0877,Wendy,Franklin,vincentleblanc@example.net,928.746.3306,2025-06-18,Courtneybury,Maine,Northern Mariana Islands,46-60
CUST0878,Jane,Sampson,lauren20@example.com,+1-402-824-9103x29412,2025-12-02,Gonzalezside,Massachusetts,Senegal,46-60
CUST0879,Jenny,Rodriguez,ktaylor@example.org,+1-967-896-1444x500,2024-04-14,Barbarabury,Wisconsin,Tanzania,18-25
CUST0880,John,Johnson,richard89@example.com,001-674-448-0469x1815,2023-02-16,Halltown,Kansas,Haiti,46-60
CUST0881,Leroy,White,hansensara@example.org,791.598.3549x16521,2025-10-31,South Lori,New Hampshire,American Samoa,18-25
CUST0882,Bernard,Gonzalez,pmartinez@example.com,+1-922-738-5848x0883,2023-01-28,Fletcherview,Iowa,Anguilla,26-35
CUST0883,Courtney,Martinez,efowler@example.org,216.969.6286x19091,2025-07-06,Wallacemouth,Kansas,Bhutan,46-60
CUST0884,Carrie,Joyce,emoreno@example.net,(798)414-8701x70816,2025-07-22,Rogersfurt,Oregon,Yemen,18-25
CUST0885,Mackenzie,Harrison,cjackson@example.com,314.834.1401,2025-12-23,South Nicole,Vermont,Tuvalu,46-60
CUST0886,Brenda,Watts,scottmarshall@example.org,477.881.6570,2023-09-02,Adamschester,New Mexico,Armenia,18-25
CUST0887,Sara,Lee,thorntoncharles@example.org,378-514-2232x142,2025-11-11,South Michelle,Wisconsin,Pakistan,46-60
CUST0888,Oscar,Mcfarland,chris50@example.com,(622)266-6655x87290,2025-11-24,Blevinsburgh,Illinois,Christmas Island,36-45
CUST0889,Erika,Jenkins,nmitchell@example.net,001-814-464-7994x588,2023-11-18,Gilmoreton,Washington,Zimbabwe,60+
CUST0890,Brian,Johnson,abrown@example.net,(649)238-4846x2984,2025-10-17,Carpenterfurt,Iowa,Singapore,18-25
CUST0891,Melinda,Jenkins,whitney73@example.com,+1-805-367-8346x857,2023-05-12,Maryborough,Montana,Martinique,36-45
CUST0892,James,Austin,williamskathleen@example.org,392.848.4771x642,2025-07-20,East Edward,New Hampshire,Montserrat,26-35
CUST0893,Adam,Carpenter,clarkbrittany@example.net,985-840-0627,2025-05-25,New Michael,Michigan,Kyrgyz Republic,26-35
CUST0894,Mindy,Acosta,luke51@example.com,+1-495-382-2296x6817,2023-05-31,West Johnhaven,Kentucky,New Caledonia,46-60
CUST0895,Catherine,Gallegos,wardmelissa@example.org,526.727.3922x6707,2023-03-15,Watkinsburgh,Iowa,Australia,26-35
CUST0896,Amanda,Miller,brianfloyd@example.net,(908)955-6037x50186,2023-02-27,Staceyview,New Mexico,Zambia,26-35
CUST0897,Christopher,Conner,cohenlinda@example.com,(786)778-7176x95479,2025-08-05,Pattersonton,Pennsylvania,Portugal,46-60
CUST0898,Alexander,Reyes,kenneth61@example.org,922.586.6740,2023-06-23,New Gabrielbury,Iowa,Luxembourg,46-60
CUST0899,Karen,Ray,matthew01@example.com,433-713-4627x063,2024-01-17,New Marieberg,Texas,North Macedonia,18-25
CUST0900,Kevin,Kirby,brenda66@example.net,486.896.1954,2024-02-25,Port David,New Jersey,Reunion,18-25
CUST0901,Haley,Valdez,dianewagner@example.net,912.552.8114,2025-02-17,North Howardside,Florida,Lao People's Democratic Republic,46-60
CUST0902,Jean,Greene,ajenkins@example.net,586-431-5164x888,2025-04-16,South Jamesville,New York,Saint Martin,26-35
CUST0903,Zachary,Kennedy,bowenhenry@example.net,(966)761-5594,2023-07-18,Peterton,Washington,Iran,60+
CUST0904,Kimberly,Calderon,medinanathan@example.com,(508)494-9609,2023-07-23,Barronborough,Louisiana,Czech Republic,60+
CUST0905,Kara,Palmer,qwilliams@example.net,(821)414-3900,2023-02-06,Petersonhaven,Vermont,Brazil,26-35
CUST0906,Tracy,Mueller,bradley98@example.org,239.899.9832x88303,2025-01-17,South Denise,Nevada,Bermuda,26-35
CUST0907,Caitlin,Fox,froman@example.com,324.976.3925x82408,2025-02-28,East Kathrynside,New Hampshire,United States Minor Outlying Islands,26-35
CUST0908,Brendan,Sullivan,monica30@example.net,462.936.4472x86435,2025-08-25,East Kimberlyfort,Alaska,Moldova,60+
CUST0909,Renee,Miles,cunninghamantonio@example.com,517-748-8022,2023-07-13,Grimesmouth,Rhode Island,Russian Federation,18-25
CUST0910,Nathan,Miles,fullerandrew@example.org,001-830-516-8154,2024-01-22,Stacyfurt,Kentucky,Finland,18-25
CUST0911,Kyle,Scott,patricia29@example.net,001-619-966-3978x49427,2024-12-27,Juliefurt,Pennsylvania,Aruba,18-25
CUST0912,Ronald,Mathis,sparksbarbara@example.com,965.465.2934,2025-10-13,Josephshire,Alaska,Marshall Islands,46-60
CUST0913,Zachary,Harvey,tgallagher@example.com,+1-808-299-3691x59248,2025-08-25,Kelleyfurt,West Virginia,Austria,46-60
CUST0914,Jennifer,Young,fryelaura@example.net,001-862-709-3803x245,2023-08-08,East Michaelmouth,Texas,Armenia,36-45
CUST0915,Stephen,Guerrero,hwillis@example.org,490-576-0241,2024-11-02,Lake Lori,South Dakota,Turks and Caicos Islands,46-60
CUST0916,Diamond,Rogers,jay61@example.com,(486)576-4025,2025-11-15,East Scottfurt,Tennessee,Micronesia,18-25
CUST0917,Michael,Chavez,gordonsheryl@example.org,834-649-4475x4147,2023-03-26,Lozanomouth,Maryland,Pakistan,26-35
CUST0918,Whitney,Ramirez,martinchristopher@example.com,(467)919-8676x9730,2025-08-04,Loveshire,New Jersey,Benin,60+
CUST0919,Sarah,Hamilton,richmondkimberly@example.org,503-383-0449x323,2024-01-03,Johnmouth,Georgia,Saint Martin,60+
CUST0920,Ronald,Sherman,tiffany99@example.net,362.236.7763,2024-10-26,Port Andrew,Maryland,Jersey,46-60
CUST0921,Theodore,Taylor,ulong@example.org,585-378-3806,2024-10-23,Lake Karenhaven,Virginia,Iraq,18-25
CUST0922,Dawn,Diaz,sturner@example.org,780-511-4277x1912,2025-10-06,New Wendyland,Vermont,Philippines,60+
CUST0923,Marvin,Davis,nicolestafford@example.net,+1-402-528-7144x1792,2023-12-04,Lake Randy,South Carolina,Mozambique,18-25
CUST0924,Yolanda,Long,shelleywilliams@example.org,691-282-1326x56929,2023-03-15,East Sara,Kentucky,Kiribati,60+
CUST0925,Troy,Cox,adkinsdonna@example.net,6855198874,2024-10-09,East Meganberg,Oklahoma,Ukraine,26-35
CUST0926,John,Benjamin,uweber@example.org,001-728-583-0474x00100,2025-09-25,Lake Thomasfurt,Montana,Palestinian Territory,46-60
CUST0927,Aaron,Murphy,david29@example.org,(402)233-5619x4889,2023-02-23,Port Danielside,Iowa,Cyprus,46-60
CUST0928,Julian,Dillon,lmaxwell@example.net,4384138133,2023-01-21,East Jackhaven,Colorado,Morocco,18-25
CUST0929,Gwendolyn,Castaneda,gmorgan@example.org,+1-452-754-8852x62750,2025-12-13,North Georgemouth,Mississippi,Grenada,36-45
CUST0930,Erika,Armstrong,morganjohns@example.net,001-589-372-7869x56446,2025-03-20,Port Anthony,North Carolina,Switzerland,26-35
CUST0931,Justin,Johnson,sarahgrant@example.com,423.406.6569,2024-07-12,South Johnton,Mississippi,Northern Mariana Islands,18-25
CUST0932,Donald,Campbell,reedcharles@example.org,+1-515-287-6254x79017,2024-11-22,Rodriguezburgh,New Hampshire,Lithuania,36-45
CUST0933,Daniel,Chang,franciscodougherty@example.com,(643)493-9343x618,2023-12-05,Brownland,Minnesota,Burkina Faso,36-45
CUST0934,Victoria,Maldonado,lawsonkim@example.org,(715)791-1867x99866,2025-04-25,North Shawnchester,Oregon,Lebanon,60+
CUST0935,Kevin,Smith,terri64@example.net,001-321-906-3954x68520,2024-12-27,Keithhaven,New Hampshire,Korea,18-25
CUST0936,Linda,Phillips,kentchristopher@example.org,381.319.5860x8113,2024-07-20,West Maria,Utah,Indonesia,26-35
CUST0937,Stephanie,Guerrero,melaniepitts@example.org,+1-314-839-8857x737,2024-12-29,Leetown,Idaho,Guadeloupe,36-45
CUST0938,Stephanie,Wilson,garciaangela@example.net,001-750-285-2715x365,2024-10-27,New Marcoborough,Arkansas,Czech Republic,60+
CUST0939,Patricia,Rojas,oballard@example.com,(571)711-5961,2023-08-22,New Adam,New Jersey,Mauritania,60+
CUST0940,Eric,Forbes,rsparks@example.org,982.669.7616x20118,2023-07-09,Heatherview,Maryland,Kuwait,46-60
CUST0941,Jason,Osborne,vasquezdawn@example.net,3033690192,2024-11-25,Kingfort,Maryland,Bhutan,18-25
CUST0942,Elizabeth,Gray,gloria84@example.org,(745)507-3085,2024-08-04,Lake George,Montana,South Georgia and the South Sandwich Islands,60+
CUST0943,Amy,Hamilton,miranda58@example.com,668-247-9393x189,2024-06-23,Karlamouth,Indiana,Malaysia,18-25
CUST0944,Daniel,Brewer,douglas64@example.com,241.227.9059x02748,2025-12-15,Thompsonfurt,North Dakota,Uzbekistan,18-25
CUST0945,Kristi,Goodwin,aliciaferguson@example.org,+1-350-816-9763x16003,2025-10-03,Lloydhaven,Arkansas,Bolivia,26-35
CUST0946,Nicholas,Anderson,ronniejackson@example.org,639.615.8121,2023-07-02,Lake Joanborough,Pennsylvania,Malawi,18-25
CUST0947,Katrina,Price,rangelelizabeth@example.com,330.326.7533x9165,2024-02-09,Christopherview,Washington,Tunisia,36-45
CUST0948,Christina,Booker,ecastillo@example.com,+1-285-954-5752,2023-12-27,Samanthastad,Indiana,Brunei Darussalam,36-45
CUST0949,Joel,Atkinson,jenna50@example.com,7589979544,2025-11-19,New Davidview,Delaware,Seychelles,26-35
CUST0950,Jacob,Hancock,danadavis@example.net,(979)614-8243x06122,2023-02-10,Lake Patrickside,Illinois,Latvia,18-25
CUST0951,Erika,Dyer,tdelacruz@example.org,788-864-5049x8524,2024-04-01,Port Aimeemouth,Nevada,Ethiopia,26-35
CUST0952,Heather,Hernandez,vwilliams@example.org,+1-524-567-6491,2023-12-19,North Kyle,Vermont,Turks and Caicos Islands,60+
CUST0953,Tyler,Pitts,hannahsmith@example.com,9833344472,2023-10-10,Rickeyland,Colorado,Norway,46-60
CUST0954,Amy,Clarke,lcraig@example.org,7758201282,2023-04-14,Zamorafort,New Hampshire,Argentina,18-25
CUST0955,Erika,Patton,aguirremichael@example.com,351-777-9282x304,2024-01-24,East Nancymouth,Washington,Central African Republic,60+
CUST0956,Deanna,Walker,cthompson@example.net,570-434-4059,2023-04-25,South Matthewton,New York,Dominica,36-45
CUST0957,Hannah,Bridges,donsherman@example.org,+1-862-204-9301x954,2025-12-01,Mossbury,Colorado,Anguilla,18-25
CUST0958,Jacob,Schmidt,branchmonica@example.com,316.335.2267x73762,2023-02-21,Lake Jessicastad,Florida,Ireland,60+
CUST0959,Michele,Knight,shopkins@example.net,226-685-1645x5699,2023-08-19,Lake Wendy,North Carolina,Tajikistan,60+
CUST0960,Ashley,Santos,lbutler@example.com,+1-807-206-6487x691,2023-12-16,Port Erikport,Tennessee,Serbia,18-25
CUST0961,Kathryn,Berry,lanethomas@example.org,698.368.5250,2025-10-24,Popeton,Delaware,Kyrgyz Republic,60+
CUST0962,Kevin,Meyer,ericjackson@example.com,(473)614-1404x324,2023-09-05,Romerofurt,Mississippi,Turkey,46-60
CUST0963,Karen,Lee,colleen89@example.net,924-497-0637,2024-02-01,Port Bryanshire,Arkansas,South Africa,36-45
CUST0964,Michael,Smith,mromero@example.com,981-560-8664x581,2023-12-29,North Joannetown,Hawaii,Brazil,36-45
CUST0965,Joshua,Hampton,mark81@example.com,001-624-868-4303x814,2023-07-27,Perryton,Nebraska,Syrian Arab Republic,36-45
CUST0966,Sabrina,Ayers,stephen96@example.org,(718)740-5668,2025-10-14,Franklinburgh,Indiana,Pitcairn Islands,46-60
CUST0967,Ryan,Lamb,ymitchell@example.net,001-464-719-0501,2023-10-24,New David,Montana,Uzbekistan,26-35
CUST0968,Annette,Weeks,kelly54@example.org,859-753-4115,2023-02-01,Lake Johnshire,Arkansas,Belize,18-25
CUST0969,Jared,Burton,ugriffin@example.net,744.837.4625,2024-02-07,Jenniferview,Wyoming,Greece,60+
CUST0970,William,Johnson,brittanyvaughn@example.org,001-824-546-8175,2023-11-14,South Pamela,Maine,Western Sahara,18-25
CUST0971,Lauren,Jackson,aparks@example.org,210-310-3197,2025-05-30,Port David,Maine,Bangladesh,46-60
CUST0972,Dana,Huang,hamptonjason@example.org,+1-303-503-8220x298,2025-08-19,Lake James,South Dakota,Brazil,18-25
CUST0973,Marcus,Benjamin,richardwilliams@example.com,586.203.3440x09632,2023-05-02,Ashleyport,North Dakota,Andorra,46-60
CUST0974,Brandon,Brown,ericcollins@example.org,972.837.2679x783,2024-01-31,Port Raymond,Mississippi,Iceland,36-45
CUST0975,Shaun,Lucas,htorres@example.net,417.302.1211,2024-05-24,North Donna,Maine,Svalbard & Jan Mayen Islands,60+
CUST0976,Jonathan,Wood,nicole08@example.org,(927)810-6538,2025-01-05,Rodriguezstad,Nebraska,Aruba,60+
CUST0977,John,Harris,keith27@example.net,(655)231-1196,2023-05-02,Palmerbury,Illinois,Jersey,36-45
CUST0978,Michael,Schroeder,tiffanybailey@example.com,460-526-3416,2023-10-09,Foxville,West Virginia,Svalbard & Jan Mayen Islands,36-45
CUST0979,Samantha,Hansen,hedwards@example.org,8004349273,2023-04-27,Friedmanburgh,Nebraska,Marshall Islands,36-45
CUST0980,Dwayne,Johnson,tbarnes@example.com,(552)201-7344x343,2023-08-07,Lisamouth,Illinois,Saint Vincent and the Grenadines,26-35
CUST0981,Michael,Dodson,michaelabbott@example.com,526-750-0068,2023-10-26,Leehaven,Nevada,Mongolia,26-35
CUST0982,Robert,Porter,mooreterri@example.net,645.241.2804x03331,2025-12-03,Crosshaven,Nebraska,Brunei Darussalam,60+
CUST0983,George,Bradley,bryan61@example.org,001-284-571-8472x255,2023-10-26,Weaverfurt,Louisiana,Saint Pierre and Miquelon,46-60
CUST0984,Tammy,Baker,paul33@example.net,001-471-249-9494x320,2025-11-21,South Sean,New Mexico,Iceland,36-45
CUST0985,Julia,Adams,meganmarshall@example.net,(675)227-5045x14885,2025-09-25,North Michelle,Utah,Cyprus,60+
CUST0986,Lisa,Villegas,vfriedman@example.com,684.904.6151x4177,2025-11-18,South Michelleport,Nevada,Mozambique,60+
CUST0987,Crystal,Garcia,andersonjames@example.org,+1-550-831-6442x12237,2025-05-13,East Thomasville,Florida,Fiji,36-45
CUST0988,Julie,Long,hudsonluis@example.com,750.702.5864x59570,2025-07-21,New Kariside,Minnesota,Philippines,46-60
CUST0989,Carol,Roman,jharris@example.org,830-955-9034x39093,2024-01-29,Payneville,South Dakota,Papua New Guinea,60+
CUST0990,Adam,Simmons,townsendjackson@example.org,843-733-2799,2025-07-25,Valerieside,Maine,Tokelau,46-60
CUST0991,Anita,Ward,xcaldwell@example.com,(474)565-8810x36110,2024-02-01,Lake James,Arkansas,San Marino,36-45
CUST0992,Michaela,Smith,selenalawson@example.com,001-915-686-2633x881,2025-01-19,Port Melissaville,Missouri,Maldives,36-45
CUST0993,Robin,Price,crivera@example.org,870-585-7725,2025-06-26,North Alexander,New Jersey,United Kingdom,26-35
CUST0994,Chad,Sutton,uhurst@example.org,8789021126,2023-01-22,East Angelaland,Illinois,Rwanda,26-35
CUST0995,Christina,Watson,adriancampbell@example.com,2006941192,2024-08-16,Port Williemouth,New York,Turks and Caicos Islands,60+
CUST0996,Sabrina,Garcia,richard04@example.net,808.528.2762,2023-01-25,Lake Lori,Missouri,Venezuela,60+
CUST0997,Kerry,Michael,mariah78@example.net,616-420-8761x18327,2024-03-15,Jasmineburgh,Alaska,Bahamas,18-25
CUST0998,Thomas,Barton,beth58@example.com,001-269-923-0639x2513,2023-08-27,Castilloport,Minnesota,Oman,26-35
CUST0999,Craig,Avery,lieric@example.net,+1-248-963-4351x4580,2023-01-11,Amandaberg,West Virginia,Zimbabwe,60+
CUST1000,Barbara,Williams,harveymario@example.net,8389555902,2024-07-14,Lisastad,Wisconsin,Philippines,36-45
